id,customer_id,product_id,sale_month,sale_day,quantity,unit_cents,discount_bps,coupon_code
1,34,20,202502,20250208,4,2940,1000,LOYAL
2,48,15,202507,20250724,5,2255,500,LOYAL
3,49,2,202510,20251018,3,474,0,LOYAL
4,38,14,202505,20250510,5,2118,500,SPRING
5,30,29,202511,20251111,4,4173,1500,LOYAL
6,36,13,202506,20250618,2,1981,500,夜市
7,16,11,202511,20251115,1,1707,500,
8,59,22,202503,20250326,1,3214,1000,WELCOME
9,47,18,202505,20250506,2,2666,1000,SPRING
10,51,32,202510,20251017,2,4584,1500,夜市
11,46,15,202507,20250701,3,2255,500,WELCOME
12,1,16,202507,20250715,1,2392,500,夜市
13,2,6,202510,20251013,4,1022,0,夜市
14,64,21,202507,20250722,3,3077,1000,
15,26,8,202512,20251207,3,1296,0,WELCOME
16,20,18,202511,20251122,4,2666,1000,WELCOME
17,12,9,202512,20251211,5,1433,500,SPRING
18,51,28,202512,20251212,1,4036,1500,夜市
19,21,9,202505,20250520,4,1433,500,
20,6,12,202504,20250407,3,1844,500,SPRING
21,45,18,202504,20250416,5,2666,1000,
22,6,5,202511,20251118,3,885,0,
23,33,13,202501,20250102,5,1981,500,WELCOME
24,35,1,202508,20250810,1,337,0,夜市
25,6,27,202512,20251223,2,3899,1500,夜市
26,17,6,202503,20250301,5,1022,0,LOYAL
27,35,11,202504,20250416,3,1707,500,WELCOME
28,22,8,202505,20250517,3,1296,0,
29,7,13,202505,20250528,3,1981,500,
30,61,11,202506,20250611,2,1707,500,LOYAL
31,4,21,202502,20250219,4,3077,1000,WELCOME
32,18,15,202502,20250226,5,2255,500,LOYAL
33,29,30,202503,20250303,3,4310,1500,
34,57,23,202506,20250628,1,3351,1000,
35,10,31,202511,20251104,2,4447,1500,
36,31,8,202511,20251106,4,1296,0,LOYAL
37,13,19,202506,20250606,3,2803,1000,LOYAL
38,39,8,202502,20250222,4,1296,0,LOYAL
39,53,26,202510,20251006,4,3762,1500,LOYAL
40,16,32,202508,20250805,4,4584,1500,LOYAL
41,27,16,202512,20251211,2,2392,500,SPRING
42,29,4,202501,20250122,4,748,0,
43,12,10,202507,20250717,2,1570,500,LOYAL
44,25,12,202505,20250526,5,1844,500,LOYAL
45,46,32,202511,20251122,2,4584,1500,
46,55,24,202505,20250521,1,3488,1000,SPRING
47,16,13,202505,20250504,5,1981,500,SPRING
48,20,18,202506,20250605,1,2666,1000,WELCOME
49,45,2,202509,20250902,1,474,0,
50,55,24,202510,20251006,5,3488,1000,LOYAL
51,48,11,202501,20250105,4,1707,500,SPRING
52,42,23,202508,20250807,3,3351,1000,
53,63,6,202510,20251028,4,1022,0,SPRING
54,56,2,202512,20251210,5,474,0,
55,8,11,202512,20251202,2,1707,500,LOYAL
56,41,25,202504,20250407,1,3625,1500,
57,18,24,202510,20251004,3,3488,1000,夜市
58,27,4,202506,20250608,5,748,0,夜市
59,58,3,202512,20251225,4,611,0,WELCOME
60,30,30,202510,20251005,3,4310,1500,WELCOME
61,11,12,202510,20251016,3,1844,500,LOYAL
62,11,2,202505,20250510,5,474,0,WELCOME
63,21,11,202511,20251109,2,1707,500,
64,55,19,202501,20250109,4,2803,1000,LOYAL
65,18,22,202511,20251113,1,3214,1000,SPRING
66,12,3,202512,20251216,2,611,0,夜市
67,31,13,202502,20250224,4,1981,500,LOYAL
68,2,8,202511,20251119,5,1296,0,WELCOME
69,37,24,202504,20250406,5,3488,1000,WELCOME
70,60,24,202501,20250110,2,3488,1000,
71,5,1,202502,20250217,4,337,0,LOYAL
72,1,3,202509,20250911,5,611,0,SPRING
73,51,17,202505,20250515,2,2529,1000,SPRING
74,42,9,202511,20251111,3,1433,500,LOYAL
75,59,6,202504,20250410,4,1022,0,SPRING
76,1,32,202512,20251223,3,4584,1500,WELCOME
77,36,6,202509,20250915,5,1022,0,
78,42,31,202503,20250301,5,4447,1500,夜市
79,43,22,202506,20250619,4,3214,1000,WELCOME
80,11,8,202509,20250925,1,1296,0,LOYAL
81,25,26,202508,20250810,5,3762,1500,SPRING
82,5,2,202511,20251107,4,474,0,WELCOME
83,36,19,202510,20251017,3,2803,1000,LOYAL
84,6,3,202512,20251211,1,611,0,
85,55,1,202503,20250325,5,337,0,SPRING
86,63,26,202502,20250206,2,3762,1500,
87,6,20,202508,20250828,5,2940,1000,夜市
88,15,29,202507,20250716,4,4173,1500,LOYAL
89,20,21,202510,20251002,1,3077,1000,SPRING
90,27,28,202508,20250816,3,4036,1500,WELCOME
91,25,31,202502,20250201,2,4447,1500,
92,20,22,202509,20250913,2,3214,1000,LOYAL
93,1,31,202503,20250328,3,4447,1500,
94,52,5,202506,20250623,1,885,0,夜市
95,11,12,202509,20250917,2,1844,500,
96,49,23,202507,20250705,3,3351,1000,SPRING
97,55,8,202508,20250814,5,1296,0,夜市
98,9,2,202502,20250218,1,474,0,
99,55,16,202507,20250704,2,2392,500,LOYAL
100,61,28,202509,20250921,4,4036,1500,WELCOME
101,46,6,202503,20250314,1,1022,0,夜市
102,57,2,202510,20251018,3,474,0,WELCOME
103,42,4,202504,20250415,3,748,0,LOYAL
104,9,22,202503,20250309,3,3214,1000,夜市
105,54,2,202508,20250801,5,474,0,
106,48,16,202503,20250326,1,2392,500,SPRING
107,53,4,202501,20250126,2,748,0,
108,16,28,202504,20250404,3,4036,1500,SPRING
109,3,27,202505,20250502,5,3899,1500,
110,9,17,202507,20250714,4,2529,1000,LOYAL
111,38,24,202505,20250516,3,3488,1000,LOYAL
112,8,19,202508,20250813,3,2803,1000,
113,43,30,202510,20251016,1,4310,1500,夜市
114,35,2,202511,20251122,2,474,0,
115,22,29,202509,20250912,1,4173,1500,夜市
116,33,27,202501,20250119,2,3899,1500,
117,21,24,202502,20250212,4,3488,1000,LOYAL
118,58,3,202512,20251219,5,611,0,WELCOME
119,10,29,202501,20250120,1,4173,1500,
120,58,18,202509,20250926,2,2666,1000,
121,47,22,202503,20250314,4,3214,1000,夜市
122,54,20,202508,20250810,3,2940,1000,LOYAL
123,48,25,202510,20251009,5,3625,1500,夜市
124,48,16,202506,20250613,5,2392,500,SPRING
125,24,2,202501,20250108,2,474,0,SPRING
126,21,25,202502,20250205,2,3625,1500,
127,32,26,202507,20250703,3,3762,1500,SPRING
128,58,29,202501,20250120,2,4173,1500,LOYAL
129,41,29,202506,20250613,3,4173,1500,
130,9,24,202512,20251205,2,3488,1000,
131,58,12,202504,20250416,2,1844,500,LOYAL
132,22,31,202509,20250925,3,4447,1500,WELCOME
133,55,26,202511,20251113,4,3762,1500,
134,35,20,202512,20251223,4,2940,1000,SPRING
135,36,31,202504,20250408,5,4447,1500,夜市
136,23,23,202508,20250805,2,3351,1000,WELCOME
137,53,8,202512,20251207,2,1296,0,夜市
138,55,19,202505,20250504,4,2803,1000,WELCOME
139,48,18,202507,20250703,4,2666,1000,SPRING
140,47,7,202505,20250519,4,1159,0,
141,61,6,202503,20250318,5,1022,0,WELCOME
142,39,30,202501,20250118,2,4310,1500,夜市
143,63,11,202510,20251023,4,1707,500,SPRING
144,34,4,202511,20251107,5,748,0,夜市
145,1,32,202506,20250606,1,4584,1500,
146,63,10,202504,20250410,4,1570,500,夜市
147,1,18,202501,20250116,1,2666,1000,
148,39,18,202510,20251021,5,2666,1000,
149,23,13,202503,20250313,4,1981,500,夜市
150,51,32,202504,20250421,1,4584,1500,夜市
151,39,32,202504,20250405,2,4584,1500,SPRING
152,60,32,202512,20251209,1,4584,1500,
153,34,15,202508,20250828,5,2255,500,WELCOME
154,51,17,202506,20250614,1,2529,1000,
155,60,25,202507,20250712,2,3625,1500,LOYAL
156,14,13,202503,20250321,2,1981,500,LOYAL
157,11,13,202512,20251220,1,1981,500,
158,18,22,202502,20250208,4,3214,1000,
159,29,28,202505,20250524,4,4036,1500,LOYAL
160,58,6,202501,20250120,5,1022,0,夜市
161,31,4,202503,20250303,2,748,0,
162,53,1,202511,20251115,2,337,0,LOYAL
163,3,31,202507,20250704,3,4447,1500,
164,58,13,202508,20250820,2,1981,500,
165,38,21,202505,20250523,5,3077,1000,
166,56,5,202510,20251004,4,885,0,
167,5,31,202508,20250826,2,4447,1500,LOYAL
168,12,19,202508,20250819,3,2803,1000,
169,55,26,202507,20250708,1,3762,1500,LOYAL
170,61,8,202501,20250122,4,1296,0,SPRING
171,42,11,202505,20250514,5,1707,500,WELCOME
172,48,16,202511,20251116,2,2392,500,WELCOME
173,39,24,202505,20250523,4,3488,1000,WELCOME
174,45,17,202506,20250614,3,2529,1000,
175,33,21,202512,20251214,3,3077,1000,
176,12,26,202511,20251128,4,3762,1500,SPRING
177,45,13,202502,20250212,5,1981,500,LOYAL
178,53,21,202504,20250424,4,3077,1000,夜市
179,35,1,202504,20250406,4,337,0,夜市
180,4,23,202501,20250127,1,3351,1000,SPRING
181,54,6,202508,20250823,2,1022,0,SPRING
182,20,9,202509,20250907,4,1433,500,
183,1,16,202511,20251104,2,2392,500,SPRING
184,46,32,202507,20250710,5,4584,1500,
185,55,29,202507,20250714,4,4173,1500,WELCOME
186,25,23,202507,20250701,5,3351,1000,WELCOME
187,25,13,202508,20250807,2,1981,500,SPRING
188,5,20,202502,20250223,2,2940,1000,SPRING
189,39,23,202505,20250503,4,3351,1000,
190,53,11,202512,20251212,1,1707,500,夜市
191,11,14,202510,20251017,4,2118,500,
192,57,24,202504,20250403,2,3488,1000,夜市
193,63,25,202512,20251205,3,3625,1500,
194,55,26,202509,20250926,2,3762,1500,夜市
195,12,28,202504,20250424,3,4036,1500,SPRING
196,9,10,202511,20251118,3,1570,500,
197,18,11,202503,20250321,2,1707,500,
198,22,27,202501,20250121,2,3899,1500,SPRING
199,17,24,202507,20250713,2,3488,1000,夜市
200,13,11,202504,20250411,1,1707,500,
201,26,29,202502,20250215,1,4173,1500,WELCOME
202,11,20,202506,20250615,4,2940,1000,SPRING
203,13,16,202510,20251005,4,2392,500,
204,49,27,202510,20251028,1,3899,1500,SPRING
205,6,18,202508,20250826,1,2666,1000,夜市
206,61,13,202509,20250913,4,1981,500,WELCOME
207,26,23,202505,20250507,1,3351,1000,夜市
208,11,20,202503,20250305,3,2940,1000,LOYAL
209,56,21,202505,20250522,3,3077,1000,LOYAL
210,17,30,202504,20250425,4,4310,1500,
211,9,11,202503,20250325,1,1707,500,SPRING
212,2,6,202504,20250427,3,1022,0,WELCOME
213,1,26,202512,20251220,2,3762,1500,WELCOME
214,8,9,202509,20250920,4,1433,500,WELCOME
215,58,15,202501,20250127,5,2255,500,夜市
216,9,12,202504,20250417,5,1844,500,SPRING
217,26,15,202505,20250527,5,2255,500,
218,35,19,202508,20250822,2,2803,1000,WELCOME
219,40,17,202511,20251104,2,2529,1000,夜市
220,57,17,202511,20251104,3,2529,1000,SPRING
221,13,3,202511,20251122,5,611,0,WELCOME
222,38,26,202511,20251124,2,3762,1500,
223,11,6,202512,20251205,2,1022,0,LOYAL
224,64,21,202508,20250811,3,3077,1000,
225,42,27,202504,20250403,5,3899,1500,WELCOME
226,61,12,202503,20250303,3,1844,500,夜市
227,51,6,202508,20250824,1,1022,0,LOYAL
228,49,7,202506,20250615,4,1159,0,WELCOME
229,38,24,202507,20250717,5,3488,1000,WELCOME
230,17,4,202508,20250819,5,748,0,SPRING
231,53,20,202505,20250503,2,2940,1000,
232,18,11,202503,20250321,5,1707,500,夜市
233,54,28,202503,20250302,4,4036,1500,夜市
234,38,18,202506,20250603,3,2666,1000,
235,38,25,202504,20250420,4,3625,1500,LOYAL
236,17,13,202512,20251209,4,1981,500,夜市
237,17,11,202507,20250712,2,1707,500,LOYAL
238,35,17,202506,20250616,1,2529,1000,
239,17,26,202509,20250905,5,3762,1500,LOYAL
240,10,13,202503,20250316,5,1981,500,夜市
241,19,6,202511,20251102,5,1022,0,夜市
242,43,13,202506,20250623,1,1981,500,LOYAL
243,29,15,202512,20251228,3,2255,500,夜市
244,5,14,202507,20250719,3,2118,500,SPRING
245,38,4,202504,20250402,2,748,0,
246,49,8,202509,20250921,4,1296,0,SPRING
247,12,25,202510,20251020,2,3625,1500,
248,22,13,202505,20250527,1,1981,500,WELCOME
249,41,7,202506,20250628,4,1159,0,SPRING
250,29,6,202505,20250527,5,1022,0,SPRING
251,22,6,202506,20250624,2,1022,0,SPRING
252,25,16,202508,20250823,4,2392,500,
253,25,29,202503,20250313,1,4173,1500,SPRING
254,29,25,202505,20250520,5,3625,1500,SPRING
255,38,5,202501,20250118,1,885,0,WELCOME
256,46,13,202511,20251126,2,1981,500,SPRING
257,7,7,202508,20250808,3,1159,0,LOYAL
258,22,16,202509,20250917,1,2392,500,LOYAL
259,33,7,202502,20250220,5,1159,0,
260,17,10,202504,20250426,3,1570,500,SPRING
261,33,13,202510,20251006,1,1981,500,SPRING
262,15,11,202501,20250127,1,1707,500,SPRING
263,21,21,202505,20250526,2,3077,1000,SPRING
264,60,22,202502,20250206,1,3214,1000,LOYAL
265,5,18,202507,20250711,1,2666,1000,
266,34,20,202502,20250213,1,2940,1000,
267,20,17,202510,20251013,4,2529,1000,SPRING
268,29,10,202512,20251219,4,1570,500,SPRING
269,55,17,202507,20250722,1,2529,1000,LOYAL
270,23,18,202504,20250425,2,2666,1000,
271,43,25,202503,20250305,2,3625,1500,LOYAL
272,44,28,202508,20250811,1,4036,1500,WELCOME
273,7,23,202503,20250318,1,3351,1000,
274,12,19,202507,20250718,5,2803,1000,SPRING
275,47,1,202506,20250608,5,337,0,
276,49,12,202512,20251203,5,1844,500,
277,25,25,202503,20250304,5,3625,1500,
278,37,27,202507,20250702,1,3899,1500,WELCOME
279,2,1,202501,20250113,1,337,0,WELCOME
280,10,8,202505,20250517,5,1296,0,
281,58,8,202507,20250706,4,1296,0,WELCOME
282,44,12,202502,20250225,4,1844,500,LOYAL
283,28,4,202506,20250627,1,748,0,SPRING
284,57,28,202509,20250902,4,4036,1500,LOYAL
285,36,32,202508,20250818,3,4584,1500,WELCOME
286,17,28,202503,20250306,4,4036,1500,WELCOME
287,39,9,202501,20250128,3,1433,500,
288,17,10,202502,20250220,1,1570,500,
289,28,26,202504,20250427,5,3762,1500,夜市
290,52,15,202512,20251210,2,2255,500,
291,50,21,202512,20251216,1,3077,1000,LOYAL
292,48,27,202502,20250210,2,3899,1500,WELCOME
293,6,24,202505,20250517,2,3488,1000,WELCOME
294,18,1,202503,20250315,2,337,0,
295,14,15,202512,20251227,3,2255,500,
296,29,4,202504,20250423,5,748,0,SPRING
297,23,12,202512,20251221,1,1844,500,SPRING
298,35,29,202510,20251013,4,4173,1500,WELCOME
299,11,32,202512,20251216,1,4584,1500,
300,34,24,202509,20250909,4,3488,1000,LOYAL
301,18,32,202508,20250811,4,4584,1500,
302,20,29,202510,20251019,4,4173,1500,
303,47,20,202503,20250318,4,2940,1000,SPRING
304,52,28,202504,20250406,4,4036,1500,WELCOME
305,36,12,202502,20250217,3,1844,500,
306,22,18,202503,20250317,1,2666,1000,SPRING
307,46,12,202501,20250108,3,1844,500,
308,42,21,202505,20250520,1,3077,1000,
309,58,21,202508,20250805,2,3077,1000,夜市
310,64,2,202503,20250322,3,474,0,SPRING
311,38,30,202503,20250302,2,4310,1500,WELCOME
312,17,12,202507,20250707,4,1844,500,SPRING
313,55,28,202510,20251025,2,4036,1500,LOYAL
314,8,7,202509,20250905,3,1159,0,WELCOME
315,38,12,202507,20250714,4,1844,500,
316,27,2,202508,20250824,3,474,0,SPRING
317,17,14,202503,20250310,3,2118,500,
318,5,31,202502,20250228,2,4447,1500,WELCOME
319,61,2,202502,20250209,2,474,0,夜市
320,34,29,202508,20250803,5,4173,1500,WELCOME
321,63,25,202508,20250806,1,3625,1500,WELCOME
322,19,22,202503,20250310,4,3214,1000,
323,43,6,202511,20251127,4,1022,0,WELCOME
324,34,28,202510,20251027,3,4036,1500,WELCOME
325,36,2,202506,20250604,1,474,0,WELCOME
326,48,5,202501,20250119,4,885,0,SPRING
327,56,4,202509,20250921,2,748,0,
328,41,19,202502,20250212,3,2803,1000,LOYAL
329,53,1,202510,20251003,4,337,0,
330,14,5,202507,20250705,5,885,0,
331,35,19,202506,20250612,2,2803,1000,SPRING
332,25,10,202510,20251025,5,1570,500,夜市
333,10,18,202511,20251112,1,2666,1000,WELCOME
334,15,13,202508,20250827,4,1981,500,夜市
335,22,17,202506,20250604,4,2529,1000,WELCOME
336,7,13,202508,20250817,4,1981,500,
337,10,4,202506,20250616,3,748,0,WELCOME
338,16,14,202505,20250510,5,2118,500,夜市
339,32,20,202503,20250309,1,2940,1000,夜市
340,34,28,202508,20250814,5,4036,1500,SPRING
341,27,15,202506,20250618,1,2255,500,夜市
342,32,29,202508,20250814,1,4173,1500,
343,52,5,202509,20250918,4,885,0,
344,57,5,202510,20251021,2,885,0,WELCOME
345,56,29,202505,20250525,4,4173,1500,SPRING
346,57,28,202506,20250613,4,4036,1500,SPRING
347,16,5,202502,20250211,2,885,0,
348,26,2,202506,20250604,1,474,0,WELCOME
349,53,10,202501,20250102,4,1570,500,
350,10,32,202511,20251120,4,4584,1500,
351,15,6,202504,20250419,4,1022,0,WELCOME
352,4,13,202510,20251006,1,1981,500,SPRING
353,36,21,202509,20250903,2,3077,1000,
354,32,5,202512,20251203,4,885,0,SPRING
355,48,12,202508,20250815,3,1844,500,SPRING
356,13,31,202505,20250514,4,4447,1500,
357,43,13,202506,20250608,3,1981,500,
358,19,12,202508,20250819,4,1844,500,夜市
359,29,11,202512,20251223,2,1707,500,
360,47,15,202510,20251015,1,2255,500,SPRING
361,55,22,202503,20250311,1,3214,1000,LOYAL
362,63,22,202504,20250414,2,3214,1000,
363,45,20,202504,20250424,5,2940,1000,LOYAL
364,42,31,202501,20250110,4,4447,1500,
365,40,30,202509,20250928,4,4310,1500,
366,48,10,202512,20251214,3,1570,500,夜市
367,23,6,202507,20250703,2,1022,0,WELCOME
368,29,32,202501,20250101,2,4584,1500,LOYAL
369,12,4,202501,20250118,2,748,0,WELCOME
370,32,14,202504,20250401,3,2118,500,LOYAL
371,12,4,202505,20250512,4,748,0,
372,34,17,202501,20250124,4,2529,1000,WELCOME
373,24,16,202502,20250207,4,2392,500,SPRING
374,57,30,202509,20250907,1,4310,1500,WELCOME
375,32,6,202501,20250112,1,1022,0,夜市
376,55,31,202510,20251028,1,4447,1500,WELCOME
377,40,22,202502,20250214,4,3214,1000,WELCOME
378,24,28,202511,20251102,4,4036,1500,
379,4,31,202506,20250604,2,4447,1500,LOYAL
380,56,3,202507,20250726,3,611,0,WELCOME
381,62,26,202506,20250610,5,3762,1500,LOYAL
382,3,32,202501,20250123,5,4584,1500,SPRING
383,33,18,202512,20251205,3,2666,1000,SPRING
384,56,13,202504,20250414,5,1981,500,SPRING
385,18,30,202509,20250928,5,4310,1500,
386,17,2,202501,20250110,5,474,0,WELCOME
387,4,24,202503,20250304,3,3488,1000,WELCOME
388,33,5,202510,20251002,1,885,0,
389,35,14,202512,20251204,4,2118,500,夜市
390,2,5,202504,20250428,1,885,0,WELCOME
391,59,23,202508,20250801,1,3351,1000,WELCOME
392,21,24,202508,20250813,2,3488,1000,
393,11,8,202503,20250325,1,1296,0,
394,20,10,202507,20250702,1,1570,500,SPRING
395,42,24,202504,20250407,2,3488,1000,
396,13,32,202501,20250113,1,4584,1500,夜市
397,53,2,202512,20251218,3,474,0,LOYAL
398,15,18,202507,20250714,3,2666,1000,LOYAL
399,30,18,202512,20251226,1,2666,1000,
400,34,28,202507,20250723,1,4036,1500,SPRING
401,5,28,202506,20250622,1,4036,1500,SPRING
402,55,17,202501,20250117,5,2529,1000,SPRING
403,56,5,202507,20250705,2,885,0,
404,32,12,202504,20250426,3,1844,500,LOYAL
405,4,23,202501,20250124,2,3351,1000,LOYAL
406,52,32,202505,20250503,3,4584,1500,
407,31,9,202507,20250705,4,1433,500,夜市
408,23,10,202510,20251004,4,1570,500,WELCOME
409,54,22,202511,20251124,5,3214,1000,LOYAL
410,64,26,202512,20251205,1,3762,1500,WELCOME
411,34,13,202501,20250120,3,1981,500,LOYAL
412,62,18,202506,20250611,2,2666,1000,WELCOME
413,27,19,202506,20250609,2,2803,1000,
414,26,23,202504,20250421,1,3351,1000,SPRING
415,24,5,202509,20250902,2,885,0,LOYAL
416,55,30,202504,20250426,2,4310,1500,夜市
417,43,31,202502,20250218,4,4447,1500,SPRING
418,15,16,202501,20250117,3,2392,500,LOYAL
419,17,8,202506,20250614,1,1296,0,夜市
420,12,6,202504,20250409,1,1022,0,
421,29,23,202510,20251016,2,3351,1000,
422,48,23,202510,20251028,3,3351,1000,
423,32,30,202512,20251204,3,4310,1500,夜市
424,64,10,202512,20251213,4,1570,500,
425,10,8,202507,20250712,5,1296,0,
426,47,24,202507,20250724,2,3488,1000,SPRING
427,40,8,202505,20250520,3,1296,0,
428,48,16,202504,20250414,4,2392,500,
429,49,26,202502,20250208,3,3762,1500,夜市
430,62,31,202505,20250515,3,4447,1500,
431,3,5,202505,20250501,4,885,0,WELCOME
432,11,7,202502,20250218,2,1159,0,
433,35,31,202502,20250213,1,4447,1500,夜市
434,43,10,202507,20250703,3,1570,500,
435,4,1,202512,20251228,3,337,0,WELCOME
436,63,28,202511,20251117,2,4036,1500,LOYAL
437,9,29,202509,20250914,5,4173,1500,夜市
438,47,27,202504,20250407,3,3899,1500,SPRING
439,18,23,202501,20250104,3,3351,1000,
440,11,12,202508,20250804,5,1844,500,
441,40,19,202511,20251126,4,2803,1000,
442,41,7,202507,20250709,1,1159,0,LOYAL
443,14,14,202506,20250608,2,2118,500,
444,2,4,202508,20250822,2,748,0,SPRING
445,17,1,202509,20250918,5,337,0,SPRING
446,18,14,202509,20250914,5,2118,500,夜市
447,7,23,202501,20250104,5,3351,1000,夜市
448,19,7,202507,20250720,3,1159,0,
449,35,3,202502,20250203,2,611,0,WELCOME
450,53,19,202506,20250610,5,2803,1000,SPRING
451,62,25,202506,20250619,4,3625,1500,SPRING
452,39,12,202508,20250820,1,1844,500,SPRING
453,2,8,202509,20250903,2,1296,0,
454,46,31,202503,20250326,4,4447,1500,夜市
455,11,22,202510,20251007,3,3214,1000,
456,13,32,202508,20250818,3,4584,1500,WELCOME
457,32,19,202512,20251204,5,2803,1000,WELCOME
458,2,30,202504,20250423,2,4310,1500,
459,33,9,202511,20251104,4,1433,500,LOYAL
460,32,15,202506,20250624,3,2255,500,夜市
461,3,1,202502,20250203,1,337,0,SPRING
462,61,9,202507,20250705,4,1433,500,
463,31,28,202508,20250808,3,4036,1500,SPRING
464,25,18,202503,20250325,1,2666,1000,
465,13,7,202505,20250513,5,1159,0,SPRING
466,33,21,202503,20250312,1,3077,1000,WELCOME
467,64,26,202502,20250228,5,3762,1500,WELCOME
468,59,23,202504,20250402,2,3351,1000,SPRING
469,59,21,202504,20250402,4,3077,1000,
470,55,15,202504,20250421,4,2255,500,LOYAL
471,19,32,202501,20250115,1,4584,1500,WELCOME
472,62,7,202508,20250813,2,1159,0,
473,20,16,202511,20251121,2,2392,500,LOYAL
474,12,1,202507,20250711,5,337,0,SPRING
475,49,8,202509,20250922,5,1296,0,SPRING
476,34,8,202510,20251011,4,1296,0,
477,42,17,202502,20250203,1,2529,1000,LOYAL
478,54,29,202509,20250919,2,4173,1500,WELCOME
479,5,11,202503,20250316,5,1707,500,SPRING
480,18,17,202510,20251027,3,2529,1000,SPRING
481,7,2,202507,20250702,4,474,0,SPRING
482,24,25,202509,20250907,4,3625,1500,夜市
483,9,4,202510,20251004,3,748,0,
484,11,24,202504,20250413,5,3488,1000,夜市
485,26,17,202507,20250724,4,2529,1000,SPRING
486,44,25,202504,20250417,1,3625,1500,SPRING
487,41,24,202505,20250513,5,3488,1000,夜市
488,57,32,202503,20250325,3,4584,1500,WELCOME
489,9,9,202504,20250425,4,1433,500,LOYAL
490,2,27,202504,20250402,2,3899,1500,
491,39,7,202503,20250312,3,1159,0,SPRING
492,50,31,202507,20250715,1,4447,1500,SPRING
493,44,9,202504,20250411,1,1433,500,WELCOME
494,17,23,202506,20250627,2,3351,1000,WELCOME
495,8,25,202512,20251213,3,3625,1500,LOYAL
496,7,28,202504,20250407,4,4036,1500,夜市
497,40,8,202507,20250720,1,1296,0,
498,35,16,202502,20250210,3,2392,500,WELCOME
499,53,32,202501,20250102,1,4584,1500,LOYAL
500,46,22,202502,20250208,5,3214,1000,LOYAL
501,16,26,202501,20250113,5,3762,1500,WELCOME
502,64,25,202510,20251013,5,3625,1500,
503,63,3,202504,20250422,5,611,0,WELCOME
504,57,23,202502,20250202,5,3351,1000,
505,62,10,202512,20251214,4,1570,500,SPRING
506,10,27,202507,20250719,5,3899,1500,
507,63,1,202502,20250210,3,337,0,LOYAL
508,22,10,202511,20251113,1,1570,500,
509,10,15,202502,20250207,3,2255,500,LOYAL
510,62,31,202506,20250620,1,4447,1500,LOYAL
511,5,3,202510,20251023,4,611,0,
512,55,22,202502,20250225,3,3214,1000,
513,38,12,202509,20250914,2,1844,500,LOYAL
514,64,21,202507,20250728,1,3077,1000,SPRING
515,48,30,202510,20251013,4,4310,1500,LOYAL
516,62,10,202503,20250323,5,1570,500,夜市
517,60,22,202507,20250716,4,3214,1000,WELCOME
518,52,22,202502,20250228,5,3214,1000,
519,19,10,202503,20250312,1,1570,500,SPRING
520,25,1,202509,20250905,2,337,0,SPRING
521,62,9,202507,20250712,3,1433,500,SPRING
522,46,27,202505,20250525,1,3899,1500,
523,12,10,202503,20250320,3,1570,500,LOYAL
524,9,31,202509,20250915,5,4447,1500,WELCOME
525,31,17,202511,20251122,2,2529,1000,
526,25,20,202508,20250811,2,2940,1000,夜市
527,59,26,202511,20251101,4,3762,1500,LOYAL
528,15,9,202511,20251114,5,1433,500,LOYAL
529,8,9,202506,20250620,3,1433,500,WELCOME
530,64,27,202503,20250322,2,3899,1500,夜市
531,58,1,202509,20250912,2,337,0,SPRING
532,3,10,202503,20250317,5,1570,500,
533,56,30,202511,20251108,3,4310,1500,WELCOME
534,58,30,202509,20250905,1,4310,1500,
535,3,29,202501,20250118,2,4173,1500,SPRING
536,13,11,202502,20250201,4,1707,500,夜市
537,37,25,202506,20250618,2,3625,1500,WELCOME
538,11,24,202506,20250608,3,3488,1000,
539,13,29,202505,20250518,4,4173,1500,
540,3,2,202505,20250511,2,474,0,
541,3,2,202504,20250414,2,474,0,
542,50,20,202505,20250506,2,2940,1000,SPRING
543,45,8,202506,20250615,4,1296,0,WELCOME
544,47,5,202501,20250121,2,885,0,
545,37,27,202509,20250903,1,3899,1500,
546,19,9,202504,20250408,3,1433,500,
547,33,7,202506,20250618,1,1159,0,WELCOME
548,45,24,202501,20250115,1,3488,1000,
549,11,3,202501,20250119,5,611,0,LOYAL
550,25,4,202511,20251121,4,748,0,夜市
551,33,10,202510,20251022,1,1570,500,夜市
552,31,10,202502,20250225,3,1570,500,SPRING
553,2,6,202502,20250204,2,1022,0,
554,36,9,202501,20250111,5,1433,500,
555,20,24,202508,20250823,4,3488,1000,SPRING
556,20,26,202504,20250423,3,3762,1500,SPRING
557,22,19,202501,20250108,1,2803,1000,
558,13,18,202506,20250603,5,2666,1000,LOYAL
559,39,28,202509,20250922,5,4036,1500,LOYAL
560,63,25,202505,20250520,3,3625,1500,
561,2,25,202510,20251014,3,3625,1500,LOYAL
562,12,12,202502,20250203,2,1844,500,WELCOME
563,42,30,202509,20250901,2,4310,1500,
564,22,22,202510,20251001,3,3214,1000,WELCOME
565,3,14,202505,20250505,3,2118,500,LOYAL
566,63,21,202504,20250415,1,3077,1000,
567,1,19,202510,20251024,3,2803,1000,
568,23,25,202512,20251217,4,3625,1500,SPRING
569,31,19,202503,20250303,1,2803,1000,WELCOME
570,37,16,202510,20251010,5,2392,500,SPRING
571,53,6,202508,20250806,4,1022,0,WELCOME
572,43,13,202501,20250106,2,1981,500,夜市
573,37,12,202506,20250628,3,1844,500,
574,1,12,202511,20251123,3,1844,500,
575,42,13,202509,20250922,5,1981,500,WELCOME
576,42,31,202508,20250816,5,4447,1500,
577,53,3,202511,20251116,5,611,0,
578,33,22,202504,20250415,2,3214,1000,LOYAL
579,8,16,202504,20250427,2,2392,500,LOYAL
580,13,27,202503,20250307,5,3899,1500,
581,60,16,202506,20250617,4,2392,500,
582,35,12,202507,20250715,1,1844,500,WELCOME
583,6,23,202502,20250201,3,3351,1000,SPRING
584,46,26,202511,20251123,1,3762,1500,WELCOME
585,37,26,202508,20250820,3,3762,1500,
586,48,3,202506,20250616,3,611,0,WELCOME
587,52,26,202509,20250915,3,3762,1500,LOYAL
588,27,6,202503,20250321,5,1022,0,
589,9,29,202501,20250105,3,4173,1500,LOYAL
590,5,28,202506,20250623,4,4036,1500,LOYAL
591,33,19,202508,20250811,3,2803,1000,WELCOME
592,20,21,202503,20250322,3,3077,1000,LOYAL
593,24,20,202504,20250406,2,2940,1000,夜市
594,36,14,202504,20250418,1,2118,500,
595,53,6,202502,20250221,1,1022,0,
596,40,26,202507,20250710,5,3762,1500,
597,61,10,202504,20250424,3,1570,500,
598,27,13,202506,20250605,5,1981,500,夜市
599,28,30,202511,20251110,2,4310,1500,SPRING
600,48,24,202509,20250918,3,3488,1000,夜市
601,54,30,202501,20250109,5,4310,1500,夜市
602,7,24,202509,20250904,4,3488,1000,
603,35,3,202512,20251206,2,611,0,WELCOME
604,6,32,202501,20250111,2,4584,1500,LOYAL
605,44,17,202507,20250709,5,2529,1000,WELCOME
606,41,4,202512,20251220,3,748,0,SPRING
607,8,12,202512,20251218,5,1844,500,夜市
608,17,15,202505,20250517,4,2255,500,WELCOME
609,60,5,202502,20250217,4,885,0,
610,21,23,202504,20250410,3,3351,1000,WELCOME
611,57,28,202509,20250908,4,4036,1500,WELCOME
612,28,31,202502,20250228,3,4447,1500,WELCOME
613,3,30,202501,20250119,1,4310,1500,SPRING
614,39,15,202512,20251213,1,2255,500,LOYAL
615,4,28,202511,20251124,4,4036,1500,LOYAL
616,1,8,202507,20250709,4,1296,0,
617,50,22,202512,20251208,5,3214,1000,WELCOME
618,50,29,202504,20250419,5,4173,1500,WELCOME
619,34,17,202504,20250426,3,2529,1000,LOYAL
620,15,7,202503,20250307,3,1159,0,LOYAL
621,18,29,202510,20251009,1,4173,1500,夜市
622,23,29,202503,20250312,1,4173,1500,LOYAL
623,45,7,202507,20250723,5,1159,0,
624,30,8,202509,20250921,5,1296,0,LOYAL
625,15,29,202504,20250414,3,4173,1500,WELCOME
626,2,32,202502,20250209,4,4584,1500,SPRING
627,24,5,202506,20250614,5,885,0,夜市
628,49,10,202512,20251219,3,1570,500,WELCOME
629,49,23,202502,20250216,3,3351,1000,SPRING
630,36,31,202501,20250110,3,4447,1500,
631,44,9,202501,20250118,2,1433,500,夜市
632,40,7,202508,20250816,3,1159,0,夜市
633,61,23,202506,20250622,4,3351,1000,
634,28,1,202510,20251026,3,337,0,SPRING
635,59,23,202501,20250125,2,3351,1000,
636,60,6,202506,20250619,1,1022,0,夜市
637,51,14,202503,20250321,3,2118,500,
638,7,27,202511,20251108,3,3899,1500,LOYAL
639,56,25,202507,20250707,3,3625,1500,夜市
640,38,24,202510,20251004,1,3488,1000,夜市
641,14,25,202505,20250511,2,3625,1500,LOYAL
642,58,24,202511,20251126,5,3488,1000,夜市
643,40,5,202503,20250318,3,885,0,夜市
644,15,22,202509,20250918,3,3214,1000,
645,27,27,202505,20250517,5,3899,1500,夜市
646,22,32,202507,20250728,5,4584,1500,WELCOME
647,30,12,202501,20250121,2,1844,500,LOYAL
648,5,26,202509,20250909,3,3762,1500,夜市
649,63,7,202504,20250416,2,1159,0,SPRING
650,35,20,202508,20250815,1,2940,1000,LOYAL
651,38,15,202506,20250619,5,2255,500,
652,54,26,202509,20250917,1,3762,1500,LOYAL
653,5,16,202503,20250312,4,2392,500,夜市
654,6,18,202510,20251014,1,2666,1000,SPRING
655,56,9,202506,20250618,1,1433,500,LOYAL
656,53,10,202502,20250219,4,1570,500,夜市
657,52,25,202508,20250811,1,3625,1500,WELCOME
658,16,32,202512,20251222,4,4584,1500,
659,61,27,202510,20251012,5,3899,1500,
660,48,7,202506,20250620,3,1159,0,LOYAL
661,54,20,202512,20251207,1,2940,1000,夜市
662,28,6,202507,20250724,3,1022,0,夜市
663,60,13,202505,20250511,3,1981,500,SPRING
664,45,30,202501,20250102,2,4310,1500,WELCOME
665,25,18,202505,20250505,1,2666,1000,
666,6,14,202503,20250326,5,2118,500,SPRING
667,19,9,202508,20250804,5,1433,500,WELCOME
668,47,19,202502,20250213,2,2803,1000,夜市
669,43,23,202511,20251106,2,3351,1000,夜市
670,40,15,202510,20251023,3,2255,500,夜市
671,52,24,202505,20250522,1,3488,1000,WELCOME
672,39,32,202512,20251203,3,4584,1500,
673,4,21,202502,20250204,5,3077,1000,
674,26,24,202509,20250921,4,3488,1000,WELCOME
675,7,30,202510,20251001,1,4310,1500,LOYAL
676,59,27,202503,20250317,3,3899,1500,夜市
677,57,18,202509,20250907,5,2666,1000,WELCOME
678,22,31,202509,20250923,2,4447,1500,LOYAL
679,15,1,202503,20250312,5,337,0,
680,26,10,202511,20251110,5,1570,500,LOYAL
681,38,16,202503,20250314,4,2392,500,LOYAL
682,29,26,202511,20251104,5,3762,1500,WELCOME
683,19,15,202505,20250511,1,2255,500,夜市
684,4,21,202505,20250507,1,3077,1000,WELCOME
685,56,16,202509,20250911,3,2392,500,夜市
686,29,10,202509,20250926,5,1570,500,
687,36,6,202505,20250505,3,1022,0,WELCOME
688,62,18,202505,20250504,1,2666,1000,WELCOME
689,17,15,202506,20250615,5,2255,500,
690,12,10,202504,20250422,5,1570,500,WELCOME
691,17,7,202508,20250823,3,1159,0,LOYAL
692,1,31,202511,20251125,2,4447,1500,WELCOME
693,8,20,202511,20251110,4,2940,1000,
694,57,27,202510,20251015,4,3899,1500,
695,44,16,202508,20250819,4,2392,500,SPRING
696,13,27,202503,20250326,4,3899,1500,WELCOME
697,4,30,202503,20250308,3,4310,1500,WELCOME
698,1,17,202505,20250521,5,2529,1000,SPRING
699,37,23,202505,20250505,4,3351,1000,
700,37,32,202507,20250722,5,4584,1500,
701,50,22,202510,20251011,1,3214,1000,LOYAL
702,51,27,202505,20250504,2,3899,1500,夜市
703,16,8,202510,20251016,3,1296,0,LOYAL
704,38,15,202501,20250109,2,2255,500,夜市
705,44,2,202501,20250125,5,474,0,SPRING
706,60,18,202511,20251126,1,2666,1000,LOYAL
707,36,4,202502,20250205,4,748,0,
708,18,3,202509,20250926,1,611,0,SPRING
709,59,13,202504,20250418,2,1981,500,SPRING
710,51,13,202512,20251218,2,1981,500,
711,53,10,202512,20251215,5,1570,500,LOYAL
712,53,11,202505,20250523,5,1707,500,
713,42,1,202504,20250412,4,337,0,WELCOME
714,51,9,202512,20251220,3,1433,500,
715,13,11,202508,20250821,2,1707,500,SPRING
716,42,16,202510,20251005,1,2392,500,夜市
717,24,26,202508,20250823,5,3762,1500,WELCOME
718,60,9,202509,20250919,5,1433,500,夜市
719,45,29,202503,20250306,2,4173,1500,LOYAL
720,36,23,202507,20250724,3,3351,1000,夜市
721,17,9,202509,20250916,4,1433,500,
722,36,3,202504,20250412,1,611,0,SPRING
723,63,22,202507,20250725,3,3214,1000,
724,9,11,202509,20250913,1,1707,500,夜市
725,11,26,202508,20250819,2,3762,1500,WELCOME
726,48,14,202502,20250205,1,2118,500,LOYAL
727,62,20,202501,20250103,2,2940,1000,SPRING
728,59,17,202504,20250420,4,2529,1000,
729,13,21,202501,20250107,3,3077,1000,夜市
730,63,32,202510,20251025,4,4584,1500,SPRING
731,16,10,202503,20250304,5,1570,500,LOYAL
732,41,20,202509,20250924,1,2940,1000,
733,3,24,202511,20251128,2,3488,1000,WELCOME
734,44,19,202509,20250917,2,2803,1000,LOYAL
735,12,20,202503,20250312,2,2940,1000,
736,39,27,202505,20250512,2,3899,1500,WELCOME
737,19,4,202508,20250815,5,748,0,WELCOME
738,31,24,202512,20251204,5,3488,1000,
739,59,28,202502,20250209,2,4036,1500,LOYAL
740,8,8,202501,20250119,5,1296,0,
741,34,21,202510,20251025,2,3077,1000,WELCOME
742,16,14,202512,20251211,1,2118,500,
743,11,20,202505,20250521,4,2940,1000,LOYAL
744,27,19,202501,20250113,2,2803,1000,夜市
745,18,30,202505,20250528,3,4310,1500,LOYAL
746,29,4,202503,20250310,5,748,0,WELCOME
747,11,29,202503,20250302,4,4173,1500,夜市
748,40,14,202506,20250620,3,2118,500,SPRING
749,44,21,202501,20250124,4,3077,1000,
750,64,20,202506,20250610,1,2940,1000,LOYAL
751,35,3,202506,20250608,1,611,0,LOYAL
752,49,19,202502,20250214,2,2803,1000,LOYAL
753,52,32,202512,20251203,2,4584,1500,LOYAL
754,60,21,202511,20251123,5,3077,1000,SPRING
755,48,26,202509,20250921,1,3762,1500,SPRING
756,64,12,202512,20251222,5,1844,500,
757,2,13,202510,20251020,5,1981,500,SPRING
758,62,30,202511,20251118,4,4310,1500,夜市
759,14,27,202502,20250217,5,3899,1500,LOYAL
760,14,5,202511,20251101,5,885,0,夜市
761,45,5,202510,20251016,1,885,0,
762,51,6,202512,20251220,2,1022,0,SPRING
763,55,10,202508,20250807,5,1570,500,
764,53,8,202509,20250907,5,1296,0,WELCOME
765,64,25,202512,20251205,3,3625,1500,LOYAL
766,32,30,202509,20250917,2,4310,1500,
767,13,26,202510,20251010,1,3762,1500,LOYAL
768,61,15,202509,20250927,4,2255,500,LOYAL
769,2,21,202504,20250425,2,3077,1000,夜市
770,45,14,202511,20251103,5,2118,500,
771,8,5,202511,20251116,4,885,0,夜市
772,53,23,202506,20250628,2,3351,1000,
773,40,12,202507,20250717,3,1844,500,WELCOME
774,29,20,202512,20251219,5,2940,1000,
775,61,16,202502,20250209,2,2392,500,
776,6,15,202508,20250803,1,2255,500,SPRING
777,25,28,202508,20250810,2,4036,1500,
778,13,27,202502,20250219,1,3899,1500,SPRING
779,61,29,202507,20250704,5,4173,1500,SPRING
780,9,32,202512,20251205,3,4584,1500,WELCOME
781,58,14,202506,20250628,5,2118,500,
782,29,24,202503,20250305,1,3488,1000,夜市
783,45,11,202504,20250413,5,1707,500,夜市
784,12,16,202504,20250417,4,2392,500,
785,25,17,202509,20250911,4,2529,1000,夜市
786,10,7,202512,20251221,3,1159,0,夜市
787,45,13,202511,20251101,5,1981,500,LOYAL
788,4,30,202508,20250811,1,4310,1500,夜市
789,43,26,202511,20251115,3,3762,1500,夜市
790,8,3,202511,20251120,3,611,0,WELCOME
791,17,25,202512,20251219,2,3625,1500,
792,43,31,202510,20251006,3,4447,1500,SPRING
793,41,19,202504,20250425,1,2803,1000,SPRING
794,42,10,202505,20250526,4,1570,500,SPRING
795,30,11,202508,20250826,2,1707,500,WELCOME
796,22,9,202501,20250101,5,1433,500,LOYAL
797,59,9,202511,20251101,2,1433,500,LOYAL
798,61,10,202508,20250819,1,1570,500,
799,63,15,202503,20250305,1,2255,500,
800,29,6,202502,20250228,1,1022,0,WELCOME
801,30,9,202510,20251026,4,1433,500,夜市
802,21,19,202511,20251125,3,2803,1000,
803,19,23,202505,20250505,2,3351,1000,LOYAL
804,28,5,202510,20251021,5,885,0,
805,21,15,202505,20250501,2,2255,500,
806,56,22,202501,20250118,4,3214,1000,夜市
807,1,18,202507,20250712,4,2666,1000,SPRING
808,38,3,202507,20250722,4,611,0,夜市
809,33,28,202512,20251217,2,4036,1500,LOYAL
810,26,25,202511,20251105,5,3625,1500,SPRING
811,24,9,202505,20250504,5,1433,500,夜市
812,39,2,202503,20250311,1,474,0,
813,14,26,202506,20250602,1,3762,1500,WELCOME
814,26,22,202509,20250927,3,3214,1000,夜市
815,55,2,202511,20251104,5,474,0,夜市
816,51,31,202502,20250201,5,4447,1500,LOYAL
817,62,18,202512,20251208,3,2666,1000,SPRING
818,22,8,202503,20250317,4,1296,0,夜市
819,6,1,202508,20250815,5,337,0,
820,49,12,202501,20250113,4,1844,500,SPRING
821,42,14,202503,20250311,2,2118,500,WELCOME
822,41,23,202509,20250903,1,3351,1000,WELCOME
823,57,7,202502,20250217,3,1159,0,WELCOME
824,58,9,202508,20250825,1,1433,500,LOYAL
825,28,1,202503,20250321,3,337,0,SPRING
826,50,8,202502,20250207,5,1296,0,
827,21,24,202507,20250703,2,3488,1000,SPRING
828,55,7,202506,20250625,4,1159,0,SPRING
829,28,31,202503,20250323,4,4447,1500,夜市
830,38,14,202503,20250321,4,2118,500,LOYAL
831,53,14,202507,20250720,2,2118,500,LOYAL
832,17,16,202505,20250509,3,2392,500,夜市
833,34,10,202506,20250624,4,1570,500,
834,38,2,202511,20251108,4,474,0,
835,13,5,202509,20250922,4,885,0,SPRING
836,5,24,202502,20250212,3,3488,1000,
837,45,8,202507,20250704,2,1296,0,
838,2,14,202510,20251011,1,2118,500,LOYAL
839,16,20,202504,20250423,4,2940,1000,夜市
840,3,31,202511,20251109,4,4447,1500,
841,48,23,202512,20251206,4,3351,1000,WELCOME
842,37,2,202505,20250506,3,474,0,WELCOME
843,29,3,202512,20251224,4,611,0,LOYAL
844,5,4,202511,20251103,4,748,0,SPRING
845,8,26,202507,20250713,4,3762,1500,WELCOME
846,17,15,202504,20250411,5,2255,500,LOYAL
847,5,4,202506,20250622,3,748,0,
848,49,21,202512,20251221,4,3077,1000,SPRING
849,17,11,202506,20250603,4,1707,500,WELCOME
850,36,21,202508,20250821,5,3077,1000,夜市
851,9,31,202505,20250523,2,4447,1500,
852,61,7,202509,20250909,4,1159,0,SPRING
853,24,20,202509,20250915,3,2940,1000,WELCOME
854,25,22,202502,20250221,1,3214,1000,
855,16,22,202501,20250107,3,3214,1000,SPRING
856,40,30,202511,20251111,4,4310,1500,
857,45,23,202508,20250813,3,3351,1000,SPRING
858,12,18,202502,20250213,4,2666,1000,WELCOME
859,30,30,202501,20250120,3,4310,1500,
860,53,10,202509,20250904,2,1570,500,
861,26,18,202506,20250614,4,2666,1000,
862,35,5,202505,20250515,4,885,0,
863,59,18,202503,20250323,3,2666,1000,SPRING
864,59,13,202503,20250315,5,1981,500,LOYAL
865,39,7,202507,20250706,4,1159,0,LOYAL
866,48,9,202505,20250525,2,1433,500,
867,16,8,202505,20250511,3,1296,0,夜市
868,8,30,202505,20250515,2,4310,1500,
869,4,10,202512,20251205,4,1570,500,SPRING
870,57,11,202503,20250313,1,1707,500,
871,31,23,202512,20251203,1,3351,1000,SPRING
872,3,25,202511,20251120,1,3625,1500,WELCOME
873,58,26,202512,20251208,1,3762,1500,SPRING
874,64,17,202506,20250621,5,2529,1000,SPRING
875,25,9,202502,20250222,3,1433,500,
876,60,7,202504,20250418,2,1159,0,WELCOME
877,22,18,202502,20250202,3,2666,1000,夜市
878,9,18,202505,20250510,5,2666,1000,夜市
879,53,1,202511,20251106,3,337,0,LOYAL
880,31,32,202511,20251126,3,4584,1500,夜市
881,9,3,202502,20250201,4,611,0,
882,41,18,202508,20250817,5,2666,1000,
883,58,32,202502,20250216,2,4584,1500,SPRING
884,17,30,202512,20251226,2,4310,1500,
885,3,30,202506,20250622,4,4310,1500,夜市
886,17,23,202507,20250701,1,3351,1000,夜市
887,49,21,202501,20250106,2,3077,1000,LOYAL
888,54,22,202505,20250526,5,3214,1000,
889,37,32,202511,20251104,5,4584,1500,
890,16,22,202512,20251218,5,3214,1000,
891,55,23,202507,20250719,2,3351,1000,LOYAL
892,1,14,202508,20250823,2,2118,500,WELCOME
893,16,16,202504,20250407,3,2392,500,
894,39,12,202503,20250326,2,1844,500,SPRING
895,50,15,202505,20250507,1,2255,500,SPRING
896,13,3,202505,20250503,2,611,0,
897,63,8,202507,20250725,3,1296,0,SPRING
898,41,25,202510,20251018,5,3625,1500,WELCOME
899,43,29,202511,20251105,4,4173,1500,SPRING
900,16,8,202504,20250407,2,1296,0,夜市
901,5,16,202508,20250821,2,2392,500,夜市
902,62,18,202507,20250701,4,2666,1000,LOYAL
903,48,24,202508,20250805,3,3488,1000,
904,49,24,202507,20250728,5,3488,1000,夜市
905,49,4,202510,20251021,2,748,0,夜市
906,40,12,202509,20250914,1,1844,500,WELCOME
907,64,25,202505,20250528,4,3625,1500,
908,3,7,202504,20250425,3,1159,0,SPRING
909,8,28,202503,20250303,4,4036,1500,夜市
910,39,22,202511,20251121,4,3214,1000,
911,22,11,202505,20250524,2,1707,500,夜市
912,11,25,202510,20251023,2,3625,1500,SPRING
913,63,19,202512,20251208,3,2803,1000,LOYAL
914,43,6,202505,20250520,2,1022,0,夜市
915,35,12,202509,20250911,2,1844,500,
916,5,31,202502,20250221,4,4447,1500,
917,3,3,202503,20250307,4,611,0,
918,30,14,202510,20251028,1,2118,500,LOYAL
919,17,7,202507,20250725,1,1159,0,LOYAL
920,19,19,202510,20251009,3,2803,1000,夜市
921,26,19,202502,20250216,4,2803,1000,LOYAL
922,33,6,202506,20250615,1,1022,0,SPRING
923,45,5,202505,20250523,1,885,0,LOYAL
924,53,8,202512,20251222,3,1296,0,
925,9,13,202509,20250909,3,1981,500,夜市
926,43,9,202502,20250227,1,1433,500,
927,29,3,202507,20250708,4,611,0,夜市
928,3,16,202502,20250210,3,2392,500,WELCOME
929,59,23,202507,20250717,2,3351,1000,夜市
930,59,2,202506,20250616,4,474,0,
931,22,12,202503,20250326,3,1844,500,
932,36,17,202505,20250527,4,2529,1000,WELCOME
933,30,26,202503,20250312,2,3762,1500,LOYAL
934,60,7,202510,20251011,5,1159,0,
935,15,30,202506,20250616,2,4310,1500,SPRING
936,13,4,202508,20250814,4,748,0,LOYAL
937,24,27,202506,20250616,2,3899,1500,
938,35,30,202506,20250621,4,4310,1500,
939,53,14,202512,20251217,3,2118,500,LOYAL
940,33,32,202505,20250514,2,4584,1500,夜市
941,21,13,202506,20250624,5,1981,500,SPRING
942,6,24,202505,20250510,5,3488,1000,LOYAL
943,20,30,202511,20251103,5,4310,1500,WELCOME
944,20,25,202510,20251025,3,3625,1500,SPRING
945,59,26,202504,20250427,2,3762,1500,
946,51,20,202511,20251114,5,2940,1000,WELCOME
947,9,25,202501,20250123,4,3625,1500,WELCOME
948,49,7,202508,20250813,3,1159,0,夜市
949,63,11,202511,20251123,5,1707,500,WELCOME
950,9,22,202504,20250418,1,3214,1000,LOYAL
951,18,13,202501,20250104,3,1981,500,WELCOME
952,3,15,202509,20250919,1,2255,500,
953,27,28,202508,20250827,1,4036,1500,
954,59,13,202505,20250506,2,1981,500,WELCOME
955,50,5,202509,20250927,3,885,0,夜市
956,47,9,202508,20250816,1,1433,500,SPRING
957,64,12,202503,20250327,2,1844,500,WELCOME
958,52,2,202504,20250419,2,474,0,WELCOME
959,64,16,202506,20250603,5,2392,500,
960,55,8,202508,20250801,4,1296,0,LOYAL
961,43,2,202506,20250626,1,474,0,WELCOME
962,53,4,202510,20251019,5,748,0,
963,64,32,202501,20250103,3,4584,1500,SPRING
964,17,13,202501,20250103,3,1981,500,LOYAL
965,48,30,202503,20250324,2,4310,1500,WELCOME
966,5,26,202502,20250208,4,3762,1500,
967,3,4,202501,20250120,3,748,0,夜市
968,43,5,202502,20250217,3,885,0,LOYAL
969,13,29,202504,20250426,1,4173,1500,WELCOME
970,14,2,202501,20250126,5,474,0,LOYAL
971,54,16,202509,20250909,1,2392,500,SPRING
972,9,14,202503,20250327,4,2118,500,LOYAL
973,48,7,202509,20250927,1,1159,0,
974,30,12,202501,20250113,5,1844,500,WELCOME
975,37,6,202507,20250706,4,1022,0,LOYAL
976,20,21,202502,20250212,1,3077,1000,WELCOME
977,41,6,202504,20250405,5,1022,0,WELCOME
978,28,12,202504,20250408,2,1844,500,
979,50,7,202511,20251118,2,1159,0,WELCOME
980,50,3,202510,20251010,1,611,0,
981,63,32,202507,20250715,5,4584,1500,LOYAL
982,59,23,202506,20250607,4,3351,1000,LOYAL
983,38,32,202511,20251120,4,4584,1500,夜市
984,15,14,202511,20251110,4,2118,500,LOYAL
985,60,31,202509,20250917,5,4447,1500,LOYAL
986,63,7,202506,20250616,1,1159,0,SPRING
987,8,6,202504,20250404,3,1022,0,
988,33,2,202501,20250104,5,474,0,
989,33,28,202507,20250701,1,4036,1500,LOYAL
990,52,29,202505,20250516,4,4173,1500,WELCOME
991,41,6,202505,20250504,5,1022,0,LOYAL
992,11,26,202507,20250711,3,3762,1500,夜市
993,14,21,202506,20250627,2,3077,1000,WELCOME
994,50,12,202505,20250515,2,1844,500,
995,23,26,202512,20251206,4,3762,1500,夜市
996,13,4,202503,20250310,1,748,0,WELCOME
997,20,2,202510,20251005,3,474,0,WELCOME
998,15,4,202509,20250910,2,748,0,LOYAL
999,23,10,202507,20250709,3,1570,500,WELCOME
1000,3,5,202506,20250623,5,885,0,SPRING
1001,19,6,202503,20250318,5,1022,0,
1002,7,7,202505,20250507,1,1159,0,WELCOME
1003,57,11,202504,20250424,3,1707,500,夜市
1004,41,22,202501,20250128,1,3214,1000,SPRING
1005,47,14,202508,20250820,5,2118,500,
1006,2,23,202502,20250202,4,3351,1000,WELCOME
1007,44,13,202511,20251124,2,1981,500,WELCOME
1008,61,2,202506,20250606,3,474,0,
1009,40,20,202507,20250727,3,2940,1000,SPRING
1010,5,32,202512,20251205,3,4584,1500,
1011,20,11,202512,20251205,1,1707,500,LOYAL
1012,20,8,202506,20250604,5,1296,0,LOYAL
1013,31,18,202506,20250607,4,2666,1000,
1014,22,21,202509,20250918,4,3077,1000,SPRING
1015,21,8,202508,20250810,3,1296,0,
1016,3,31,202512,20251222,5,4447,1500,WELCOME
1017,16,32,202511,20251124,3,4584,1500,WELCOME
1018,39,16,202509,20250915,2,2392,500,WELCOME
1019,3,19,202504,20250425,5,2803,1000,LOYAL
1020,36,3,202510,20251007,2,611,0,WELCOME
1021,30,10,202502,20250222,4,1570,500,夜市
1022,9,6,202503,20250315,4,1022,0,
1023,10,28,202501,20250104,2,4036,1500,WELCOME
1024,2,22,202506,20250620,4,3214,1000,SPRING
1025,6,2,202505,20250523,5,474,0,
1026,16,25,202502,20250226,5,3625,1500,WELCOME
1027,2,31,202505,20250506,2,4447,1500,夜市
1028,34,31,202511,20251117,2,4447,1500,SPRING
1029,1,14,202512,20251210,1,2118,500,
1030,62,24,202512,20251214,3,3488,1000,WELCOME
1031,6,31,202503,20250304,4,4447,1500,
1032,49,28,202509,20250924,3,4036,1500,LOYAL
1033,58,29,202511,20251118,1,4173,1500,WELCOME
1034,26,12,202507,20250716,2,1844,500,WELCOME
1035,28,15,202502,20250215,3,2255,500,夜市
1036,15,6,202504,20250427,2,1022,0,
1037,4,18,202501,20250126,2,2666,1000,SPRING
1038,60,21,202508,20250827,2,3077,1000,WELCOME
1039,10,4,202506,20250603,3,748,0,夜市
1040,14,1,202502,20250222,2,337,0,
1041,16,24,202508,20250818,2,3488,1000,SPRING
1042,25,4,202503,20250323,5,748,0,夜市
1043,29,16,202510,20251023,5,2392,500,
1044,24,5,202502,20250218,1,885,0,LOYAL
1045,29,4,202508,20250811,5,748,0,SPRING
1046,17,3,202504,20250414,5,611,0,LOYAL
1047,49,7,202506,20250603,2,1159,0,SPRING
1048,2,31,202503,20250317,2,4447,1500,
1049,9,29,202507,20250722,1,4173,1500,SPRING
1050,12,15,202508,20250808,2,2255,500,
1051,53,26,202502,20250219,5,3762,1500,夜市
1052,30,4,202501,20250111,4,748,0,LOYAL
1053,29,9,202503,20250320,3,1433,500,SPRING
1054,47,10,202510,20251025,1,1570,500,WELCOME
1055,17,24,202501,20250108,3,3488,1000,LOYAL
1056,56,22,202505,20250514,4,3214,1000,夜市
1057,3,31,202507,20250724,1,4447,1500,
1058,18,23,202512,20251207,3,3351,1000,
1059,12,15,202503,20250302,5,2255,500,SPRING
1060,11,14,202503,20250327,2,2118,500,WELCOME
1061,10,21,202501,20250108,2,3077,1000,WELCOME
1062,56,6,202501,20250109,2,1022,0,夜市
1063,45,25,202502,20250219,5,3625,1500,SPRING
1064,19,29,202509,20250911,1,4173,1500,
1065,10,18,202512,20251216,4,2666,1000,LOYAL
1066,11,11,202505,20250510,1,1707,500,SPRING
1067,9,16,202510,20251008,3,2392,500,SPRING
1068,35,16,202502,20250202,2,2392,500,LOYAL
1069,61,6,202504,20250426,3,1022,0,LOYAL
1070,35,26,202511,20251103,1,3762,1500,夜市
1071,4,2,202511,20251109,4,474,0,
1072,49,32,202501,20250104,3,4584,1500,SPRING
1073,62,26,202503,20250309,4,3762,1500,夜市
1074,12,6,202507,20250705,1,1022,0,WELCOME
1075,17,1,202510,20251014,4,337,0,SPRING
1076,20,31,202512,20251223,4,4447,1500,夜市
1077,14,11,202510,20251006,1,1707,500,
1078,44,32,202511,20251101,4,4584,1500,
1079,31,14,202505,20250514,3,2118,500,夜市
1080,36,11,202501,20250121,4,1707,500,SPRING
1081,10,16,202510,20251021,1,2392,500,
1082,28,6,202510,20251028,2,1022,0,
1083,49,29,202505,20250513,2,4173,1500,夜市
1084,24,32,202504,20250406,1,4584,1500,夜市
1085,46,25,202501,20250106,3,3625,1500,
1086,4,21,202512,20251227,2,3077,1000,WELCOME
1087,17,31,202512,20251210,2,4447,1500,
1088,17,18,202505,20250503,4,2666,1000,LOYAL
1089,58,29,202503,20250318,2,4173,1500,夜市
1090,62,6,202502,20250204,4,1022,0,夜市
1091,31,1,202505,20250514,4,337,0,
1092,54,27,202501,20250112,4,3899,1500,
1093,37,15,202508,20250820,1,2255,500,夜市
1094,24,15,202506,20250605,4,2255,500,SPRING
1095,17,21,202503,20250320,4,3077,1000,SPRING
1096,33,32,202506,20250603,2,4584,1500,LOYAL
1097,47,25,202507,20250704,4,3625,1500,SPRING
1098,26,2,202512,20251213,4,474,0,
1099,14,31,202504,20250424,1,4447,1500,
1100,25,7,202502,20250215,1,1159,0,LOYAL
1101,40,28,202505,20250527,3,4036,1500,WELCOME
1102,16,28,202511,20251126,3,4036,1500,夜市
1103,61,32,202512,20251205,3,4584,1500,
1104,11,9,202504,20250408,2,1433,500,LOYAL
1105,30,2,202508,20250820,1,474,0,LOYAL
1106,58,17,202501,20250102,3,2529,1000,
1107,61,25,202506,20250604,1,3625,1500,
1108,44,22,202509,20250924,2,3214,1000,夜市
1109,6,5,202506,20250612,2,885,0,夜市
1110,56,7,202501,20250122,1,1159,0,WELCOME
1111,19,27,202501,20250110,5,3899,1500,夜市
1112,28,3,202506,20250621,2,611,0,WELCOME
1113,49,7,202508,20250802,3,1159,0,
1114,27,21,202506,20250628,5,3077,1000,
1115,14,19,202501,20250128,4,2803,1000,
1116,26,30,202509,20250922,4,4310,1500,SPRING
1117,45,20,202507,20250702,1,2940,1000,夜市
1118,56,26,202503,20250305,4,3762,1500,夜市
1119,6,28,202511,20251107,4,4036,1500,LOYAL
1120,45,28,202510,20251014,2,4036,1500,
1121,27,2,202512,20251219,4,474,0,SPRING
1122,49,25,202508,20250806,3,3625,1500,SPRING
1123,29,1,202509,20250903,1,337,0,SPRING
1124,6,21,202506,20250622,3,3077,1000,SPRING
1125,38,11,202509,20250908,5,1707,500,SPRING
1126,52,31,202502,20250223,2,4447,1500,SPRING
1127,43,27,202508,20250825,2,3899,1500,
1128,6,24,202509,20250926,2,3488,1000,SPRING
1129,56,31,202510,20251016,4,4447,1500,夜市
1130,15,12,202502,20250205,2,1844,500,LOYAL
1131,59,16,202510,20251015,5,2392,500,WELCOME
1132,28,32,202506,20250613,4,4584,1500,WELCOME
1133,13,11,202505,20250515,1,1707,500,LOYAL
1134,29,4,202504,20250414,2,748,0,
1135,39,6,202512,20251216,1,1022,0,WELCOME
1136,42,14,202506,20250623,5,2118,500,夜市
1137,4,24,202507,20250722,2,3488,1000,SPRING
1138,61,1,202509,20250904,1,337,0,WELCOME
1139,4,24,202502,20250214,5,3488,1000,WELCOME
1140,64,14,202508,20250810,5,2118,500,SPRING
1141,4,30,202509,20250920,4,4310,1500,
1142,40,10,202510,20251017,2,1570,500,SPRING
1143,26,21,202503,20250317,4,3077,1000,
1144,60,18,202511,20251104,4,2666,1000,
1145,22,27,202504,20250403,2,3899,1500,LOYAL
1146,16,27,202510,20251021,5,3899,1500,WELCOME
1147,48,13,202507,20250710,1,1981,500,
1148,37,30,202509,20250915,4,4310,1500,
1149,15,2,202501,20250126,4,474,0,夜市
1150,61,11,202505,20250526,1,1707,500,WELCOME
1151,32,16,202501,20250124,3,2392,500,SPRING
1152,19,14,202506,20250608,4,2118,500,
1153,22,23,202509,20250912,4,3351,1000,SPRING
1154,37,1,202501,20250107,5,337,0,LOYAL
1155,55,11,202509,20250907,2,1707,500,
1156,44,10,202508,20250808,5,1570,500,
1157,33,17,202504,20250402,5,2529,1000,夜市
1158,38,30,202501,20250124,3,4310,1500,夜市
1159,2,10,202506,20250606,5,1570,500,SPRING
1160,60,15,202511,20251126,2,2255,500,
1161,58,31,202502,20250224,2,4447,1500,SPRING
1162,45,16,202503,20250307,1,2392,500,
1163,8,2,202512,20251207,1,474,0,WELCOME
1164,47,12,202508,20250823,4,1844,500,WELCOME
1165,36,28,202508,20250813,5,4036,1500,夜市
1166,27,25,202504,20250401,4,3625,1500,WELCOME
1167,19,27,202504,20250401,2,3899,1500,
1168,53,31,202504,20250420,3,4447,1500,SPRING
1169,37,22,202501,20250117,5,3214,1000,
1170,55,2,202501,20250108,2,474,0,
1171,24,6,202510,20251018,4,1022,0,夜市
1172,43,9,202508,20250822,2,1433,500,SPRING
1173,8,20,202506,20250601,1,2940,1000,SPRING
1174,64,22,202511,20251105,2,3214,1000,SPRING
1175,8,1,202502,20250225,4,337,0,
1176,42,26,202512,20251219,5,3762,1500,
1177,41,21,202503,20250318,2,3077,1000,
1178,44,31,202509,20250904,4,4447,1500,
1179,54,15,202510,20251022,5,2255,500,SPRING
1180,49,18,202507,20250703,2,2666,1000,WELCOME
1181,27,21,202504,20250413,2,3077,1000,夜市
1182,57,16,202512,20251217,1,2392,500,LOYAL
1183,39,22,202501,20250112,2,3214,1000,
1184,47,7,202508,20250817,1,1159,0,LOYAL
1185,46,31,202503,20250309,3,4447,1500,SPRING
1186,11,16,202511,20251119,2,2392,500,LOYAL
1187,16,29,202505,20250512,2,4173,1500,
1188,60,19,202509,20250901,1,2803,1000,
1189,19,3,202504,20250424,5,611,0,SPRING
1190,45,11,202504,20250422,2,1707,500,
1191,2,7,202501,20250110,3,1159,0,夜市
1192,34,24,202501,20250109,3,3488,1000,
1193,64,7,202504,20250415,5,1159,0,WELCOME
1194,16,9,202503,20250308,4,1433,500,夜市
1195,17,16,202512,20251221,2,2392,500,WELCOME
1196,7,32,202507,20250725,3,4584,1500,LOYAL
1197,26,26,202504,20250420,2,3762,1500,
1198,62,12,202504,20250414,5,1844,500,
1199,36,19,202507,20250704,3,2803,1000,SPRING
1200,61,25,202508,20250824,1,3625,1500,夜市
1201,1,18,202505,20250524,5,2666,1000,LOYAL
1202,35,15,202504,20250417,4,2255,500,
1203,14,27,202506,20250620,4,3899,1500,WELCOME
1204,64,15,202506,20250603,1,2255,500,
1205,3,10,202502,20250212,4,1570,500,夜市
1206,1,18,202510,20251007,5,2666,1000,SPRING
1207,11,20,202510,20251020,1,2940,1000,SPRING
1208,47,4,202503,20250313,3,748,0,LOYAL
1209,26,22,202512,20251205,3,3214,1000,LOYAL
1210,6,6,202508,20250808,2,1022,0,夜市
1211,47,12,202510,20251015,2,1844,500,
1212,13,19,202508,20250826,3,2803,1000,SPRING
1213,48,13,202509,20250905,2,1981,500,WELCOME
1214,46,19,202506,20250627,2,2803,1000,
1215,30,2,202508,20250808,1,474,0,SPRING
1216,50,18,202509,20250921,3,2666,1000,SPRING
1217,47,25,202507,20250723,2,3625,1500,LOYAL
1218,62,2,202512,20251214,5,474,0,
1219,14,29,202501,20250111,2,4173,1500,夜市
1220,62,11,202508,20250802,3,1707,500,SPRING
1221,54,4,202510,20251002,2,748,0,LOYAL
1222,35,12,202506,20250606,2,1844,500,
1223,55,22,202509,20250913,1,3214,1000,夜市
1224,8,11,202502,20250204,2,1707,500,SPRING
1225,64,9,202506,20250617,1,1433,500,
1226,53,27,202510,20251026,4,3899,1500,夜市
1227,18,29,202512,20251211,3,4173,1500,SPRING
1228,14,1,202511,20251118,1,337,0,SPRING
1229,37,17,202511,20251124,3,2529,1000,
1230,26,30,202507,20250712,5,4310,1500,LOYAL
1231,32,25,202507,20250703,1,3625,1500,夜市
1232,4,4,202501,20250126,5,748,0,
1233,58,9,202502,20250215,2,1433,500,WELCOME
1234,45,5,202506,20250608,1,885,0,
1235,17,26,202507,20250724,3,3762,1500,
1236,61,6,202506,20250614,4,1022,0,夜市
1237,42,1,202503,20250324,3,337,0,夜市
1238,51,27,202502,20250221,2,3899,1500,
1239,20,3,202510,20251007,3,611,0,
1240,11,10,202504,20250405,1,1570,500,
1241,30,2,202507,20250708,4,474,0,夜市
1242,64,4,202505,20250508,5,748,0,SPRING
1243,27,30,202501,20250127,5,4310,1500,LOYAL
1244,58,9,202501,20250120,3,1433,500,
1245,13,14,202501,20250126,3,2118,500,夜市
1246,23,20,202503,20250301,5,2940,1000,
1247,41,23,202505,20250516,1,3351,1000,
1248,59,8,202510,20251013,3,1296,0,夜市
1249,44,15,202505,20250519,2,2255,500,WELCOME
1250,54,25,202506,20250609,1,3625,1500,
1251,21,13,202512,20251227,5,1981,500,
1252,15,14,202505,20250502,1,2118,500,夜市
1253,25,14,202511,20251105,1,2118,500,
1254,5,3,202507,20250701,4,611,0,
1255,2,3,202505,20250505,1,611,0,SPRING
1256,12,30,202505,20250501,3,4310,1500,LOYAL
1257,20,24,202511,20251117,5,3488,1000,LOYAL
1258,34,22,202505,20250504,2,3214,1000,夜市
1259,8,21,202507,20250701,3,3077,1000,夜市
1260,15,28,202511,20251113,4,4036,1500,
1261,64,19,202508,20250817,2,2803,1000,夜市
1262,28,21,202502,20250226,2,3077,1000,LOYAL
1263,25,32,202503,20250310,2,4584,1500,
1264,15,8,202506,20250601,5,1296,0,
1265,53,15,202512,20251216,2,2255,500,LOYAL
1266,43,22,202509,20250925,1,3214,1000,
1267,51,28,202506,20250621,4,4036,1500,
1268,44,25,202502,20250214,1,3625,1500,LOYAL
1269,4,17,202512,20251226,4,2529,1000,SPRING
1270,11,14,202504,20250423,1,2118,500,WELCOME
1271,10,24,202511,20251125,4,3488,1000,SPRING
1272,55,12,202511,20251126,5,1844,500,SPRING
1273,7,13,202510,20251011,2,1981,500,SPRING
1274,61,21,202505,20250518,3,3077,1000,
1275,50,26,202510,20251019,4,3762,1500,LOYAL
1276,53,13,202504,20250424,1,1981,500,SPRING
1277,7,28,202505,20250513,5,4036,1500,SPRING
1278,19,14,202511,20251112,3,2118,500,
1279,23,32,202511,20251125,5,4584,1500,夜市
1280,43,18,202507,20250728,3,2666,1000,SPRING
1281,40,11,202512,20251215,2,1707,500,
1282,27,18,202508,20250822,1,2666,1000,WELCOME
1283,11,3,202510,20251015,1,611,0,夜市
1284,57,10,202504,20250403,4,1570,500,
1285,19,8,202512,20251221,1,1296,0,
1286,15,20,202505,20250522,5,2940,1000,SPRING
1287,49,13,202508,20250805,3,1981,500,LOYAL
1288,31,12,202505,20250527,1,1844,500,
1289,52,23,202501,20250120,3,3351,1000,WELCOME
1290,43,19,202510,20251027,5,2803,1000,LOYAL
1291,63,15,202505,20250507,5,2255,500,SPRING
1292,38,2,202510,20251021,3,474,0,SPRING
1293,18,10,202510,20251017,1,1570,500,
1294,1,28,202509,20250902,4,4036,1500,WELCOME
1295,29,20,202506,20250603,3,2940,1000,
1296,28,4,202507,20250713,2,748,0,
1297,10,14,202508,20250822,5,2118,500,WELCOME
1298,63,16,202501,20250128,3,2392,500,SPRING
1299,56,27,202501,20250112,5,3899,1500,SPRING
1300,1,2,202504,20250404,3,474,0,
1301,44,32,202509,20250911,5,4584,1500,夜市
1302,12,30,202505,20250519,1,4310,1500,
1303,38,10,202508,20250816,3,1570,500,夜市
1304,47,18,202502,20250223,5,2666,1000,LOYAL
1305,5,11,202503,20250309,1,1707,500,LOYAL
1306,40,21,202507,20250713,2,3077,1000,夜市
1307,5,30,202508,20250825,3,4310,1500,
1308,56,10,202508,20250801,1,1570,500,
1309,42,13,202505,20250521,3,1981,500,
1310,42,9,202503,20250303,4,1433,500,WELCOME
1311,17,28,202507,20250726,2,4036,1500,LOYAL
1312,33,27,202504,20250415,2,3899,1500,夜市
1313,20,19,202502,20250226,5,2803,1000,WELCOME
1314,27,11,202503,20250304,5,1707,500,WELCOME
1315,1,13,202507,20250702,3,1981,500,WELCOME
1316,38,24,202508,20250810,4,3488,1000,
1317,57,19,202503,20250317,1,2803,1000,WELCOME
1318,49,5,202511,20251128,3,885,0,LOYAL
1319,37,32,202506,20250607,1,4584,1500,
1320,1,16,202501,20250112,3,2392,500,SPRING
1321,15,23,202512,20251222,1,3351,1000,
1322,16,28,202505,20250525,4,4036,1500,LOYAL
1323,20,17,202509,20250910,4,2529,1000,
1324,49,16,202503,20250318,2,2392,500,
1325,15,12,202510,20251011,5,1844,500,夜市
1326,3,4,202512,20251206,4,748,0,SPRING
1327,22,1,202504,20250401,1,337,0,SPRING
1328,58,23,202501,20250116,3,3351,1000,夜市
1329,13,23,202501,20250106,2,3351,1000,夜市
1330,47,26,202509,20250904,3,3762,1500,
1331,5,17,202505,20250523,1,2529,1000,LOYAL
1332,55,16,202504,20250419,1,2392,500,WELCOME
1333,55,9,202509,20250912,2,1433,500,
1334,8,8,202503,20250320,5,1296,0,SPRING
1335,7,21,202506,20250609,1,3077,1000,SPRING
1336,45,10,202502,20250224,4,1570,500,
1337,11,8,202508,20250809,3,1296,0,
1338,52,13,202504,20250403,4,1981,500,LOYAL
1339,36,5,202510,20251013,3,885,0,
1340,38,19,202507,20250724,4,2803,1000,SPRING
1341,55,2,202503,20250327,3,474,0,WELCOME
1342,29,14,202501,20250122,1,2118,500,
1343,14,9,202510,20251013,2,1433,500,SPRING
1344,48,20,202506,20250617,2,2940,1000,
1345,58,10,202503,20250312,4,1570,500,夜市
1346,58,18,202507,20250716,1,2666,1000,LOYAL
1347,50,8,202503,20250311,2,1296,0,WELCOME
1348,32,28,202504,20250414,5,4036,1500,LOYAL
1349,16,16,202505,20250503,3,2392,500,夜市
1350,38,31,202506,20250619,3,4447,1500,夜市
1351,50,26,202501,20250106,3,3762,1500,
1352,7,22,202502,20250228,5,3214,1000,
1353,1,5,202507,20250712,4,885,0,LOYAL
1354,54,2,202507,20250711,5,474,0,
1355,62,8,202508,20250809,4,1296,0,WELCOME
1356,10,9,202505,20250520,1,1433,500,WELCOME
1357,54,5,202509,20250914,5,885,0,夜市
1358,51,16,202508,20250825,5,2392,500,
1359,37,27,202505,20250517,3,3899,1500,WELCOME
1360,5,25,202502,20250209,1,3625,1500,
1361,39,10,202509,20250928,2,1570,500,夜市
1362,3,27,202512,20251206,3,3899,1500,夜市
1363,42,28,202511,20251107,2,4036,1500,LOYAL
1364,39,14,202505,20250503,3,2118,500,WELCOME
1365,1,11,202501,20250121,3,1707,500,
1366,1,8,202505,20250521,2,1296,0,LOYAL
1367,51,9,202510,20251020,3,1433,500,
1368,42,5,202502,20250214,2,885,0,夜市
1369,16,24,202512,20251218,4,3488,1000,夜市
1370,61,24,202512,20251207,2,3488,1000,WELCOME
1371,31,19,202507,20250718,4,2803,1000,
1372,27,11,202504,20250407,1,1707,500,
1373,33,10,202508,20250828,1,1570,500,
1374,36,10,202508,20250808,1,1570,500,SPRING
1375,45,5,202512,20251215,2,885,0,LOYAL
1376,56,20,202501,20250112,2,2940,1000,SPRING
1377,17,19,202501,20250102,4,2803,1000,WELCOME
1378,30,2,202511,20251117,3,474,0,夜市
1379,34,21,202512,20251213,3,3077,1000,
1380,33,10,202508,20250823,4,1570,500,LOYAL
1381,40,27,202503,20250304,2,3899,1500,WELCOME
1382,25,22,202504,20250424,4,3214,1000,WELCOME
1383,31,21,202502,20250206,3,3077,1000,LOYAL
1384,56,14,202510,20251017,2,2118,500,WELCOME
1385,7,8,202508,20250802,4,1296,0,WELCOME
1386,22,14,202502,20250214,4,2118,500,
1387,13,31,202512,20251202,5,4447,1500,SPRING
1388,34,25,202510,20251006,1,3625,1500,WELCOME
1389,46,14,202506,20250620,3,2118,500,SPRING
1390,44,26,202501,20250101,3,3762,1500,WELCOME
1391,54,10,202508,20250802,3,1570,500,
1392,48,18,202511,20251105,4,2666,1000,SPRING
1393,17,19,202511,20251110,1,2803,1000,
1394,51,12,202509,20250901,2,1844,500,WELCOME
1395,8,11,202511,20251108,2,1707,500,SPRING
1396,23,24,202512,20251212,1,3488,1000,WELCOME
1397,31,11,202501,20250107,4,1707,500,夜市
1398,8,24,202501,20250118,2,3488,1000,WELCOME
1399,20,29,202511,20251104,5,4173,1500,WELCOME
1400,16,32,202502,20250211,3,4584,1500,
1401,42,21,202505,20250509,4,3077,1000,夜市
1402,6,2,202511,20251119,3,474,0,SPRING
1403,1,24,202503,20250322,1,3488,1000,
1404,54,29,202508,20250819,2,4173,1500,
1405,40,23,202511,20251117,1,3351,1000,WELCOME
1406,47,11,202505,20250506,4,1707,500,
1407,39,19,202505,20250524,4,2803,1000,
1408,27,32,202501,20250116,1,4584,1500,
1409,60,25,202501,20250112,4,3625,1500,SPRING
1410,3,14,202504,20250421,5,2118,500,LOYAL
1411,56,28,202512,20251205,2,4036,1500,SPRING
1412,2,3,202511,20251102,5,611,0,WELCOME
1413,39,2,202506,20250609,2,474,0,夜市
1414,53,25,202506,20250625,2,3625,1500,
1415,20,21,202501,20250111,4,3077,1000,
1416,39,6,202505,20250511,1,1022,0,LOYAL
1417,37,17,202503,20250318,1,2529,1000,
1418,2,25,202512,20251214,2,3625,1500,夜市
1419,39,4,202502,20250207,3,748,0,
1420,7,7,202504,20250411,2,1159,0,夜市
1421,52,10,202502,20250205,1,1570,500,
1422,15,28,202509,20250906,3,4036,1500,LOYAL
1423,57,20,202511,20251126,1,2940,1000,夜市
1424,33,8,202502,20250226,5,1296,0,WELCOME
1425,29,16,202509,20250918,5,2392,500,SPRING
1426,44,17,202503,20250317,3,2529,1000,SPRING
1427,5,30,202505,20250528,3,4310,1500,WELCOME
1428,3,15,202506,20250613,5,2255,500,
1429,35,16,202504,20250408,1,2392,500,LOYAL
1430,6,1,202509,20250920,2,337,0,
1431,32,5,202504,20250411,1,885,0,夜市
1432,12,6,202511,20251115,5,1022,0,夜市
1433,37,22,202508,20250820,4,3214,1000,WELCOME
1434,16,21,202511,20251119,4,3077,1000,夜市
1435,61,6,202509,20250917,1,1022,0,
1436,16,3,202510,20251014,1,611,0,WELCOME
1437,38,1,202512,20251201,4,337,0,LOYAL
1438,35,6,202506,20250603,5,1022,0,LOYAL
1439,11,16,202511,20251120,2,2392,500,夜市
1440,48,29,202502,20250212,2,4173,1500,LOYAL
1441,60,13,202501,20250112,2,1981,500,SPRING
1442,1,28,202511,20251122,2,4036,1500,
1443,20,19,202512,20251207,3,2803,1000,夜市
1444,12,6,202504,20250401,1,1022,0,SPRING
1445,51,11,202506,20250619,1,1707,500,LOYAL
1446,42,10,202503,20250322,5,1570,500,夜市
1447,53,23,202510,20251018,2,3351,1000,WELCOME
1448,20,20,202509,20250916,4,2940,1000,LOYAL
1449,25,5,202503,20250306,2,885,0,
1450,53,32,202507,20250727,1,4584,1500,WELCOME
1451,63,24,202510,20251026,5,3488,1000,夜市
1452,38,19,202502,20250211,4,2803,1000,夜市
1453,62,19,202509,20250922,4,2803,1000,
1454,53,6,202511,20251123,2,1022,0,WELCOME
1455,27,1,202507,20250706,1,337,0,夜市
1456,57,19,202511,20251103,1,2803,1000,
1457,43,4,202512,20251202,3,748,0,夜市
1458,64,3,202508,20250823,3,611,0,SPRING
1459,36,31,202502,20250211,1,4447,1500,SPRING
1460,32,18,202506,20250622,5,2666,1000,LOYAL
1461,7,16,202506,20250604,2,2392,500,SPRING
1462,13,12,202502,20250224,5,1844,500,WELCOME
1463,43,23,202511,20251110,2,3351,1000,
1464,6,32,202509,20250927,5,4584,1500,SPRING
1465,48,10,202503,20250326,2,1570,500,LOYAL
1466,49,32,202511,20251121,4,4584,1500,LOYAL
1467,47,1,202501,20250123,5,337,0,WELCOME
1468,55,30,202509,20250901,3,4310,1500,LOYAL
1469,8,9,202505,20250519,1,1433,500,
1470,18,28,202504,20250415,4,4036,1500,
1471,52,30,202512,20251220,1,4310,1500,SPRING
1472,32,22,202501,20250112,5,3214,1000,SPRING
1473,17,31,202509,20250927,5,4447,1500,夜市
1474,36,20,202505,20250519,5,2940,1000,
1475,2,26,202508,20250801,2,3762,1500,
1476,21,17,202508,20250814,2,2529,1000,SPRING
1477,57,4,202510,20251024,4,748,0,
1478,18,27,202512,20251201,2,3899,1500,WELCOME
1479,58,7,202504,20250408,5,1159,0,WELCOME
1480,44,12,202507,20250720,1,1844,500,夜市
1481,45,31,202509,20250920,5,4447,1500,SPRING
1482,57,23,202512,20251225,4,3351,1000,
1483,25,22,202508,20250801,2,3214,1000,SPRING
1484,41,6,202510,20251004,1,1022,0,
1485,5,5,202509,20250913,3,885,0,LOYAL
1486,47,12,202502,20250205,2,1844,500,
1487,55,19,202509,20250903,4,2803,1000,WELCOME
1488,40,18,202509,20250928,5,2666,1000,SPRING
1489,4,2,202507,20250705,3,474,0,夜市
1490,31,1,202511,20251107,5,337,0,SPRING
1491,39,4,202504,20250426,3,748,0,
1492,30,7,202512,20251206,4,1159,0,
1493,60,3,202508,20250818,5,611,0,夜市
1494,60,9,202510,20251014,3,1433,500,SPRING
1495,21,2,202508,20250825,3,474,0,WELCOME
1496,13,27,202511,20251118,2,3899,1500,LOYAL
1497,16,4,202505,20250512,3,748,0,夜市
1498,6,12,202509,20250923,1,1844,500,
1499,46,16,202509,20250909,4,2392,500,
1500,54,4,202503,20250305,2,748,0,SPRING
1501,6,19,202512,20251207,5,2803,1000,夜市
1502,59,14,202506,20250626,3,2118,500,
1503,12,16,202506,20250623,5,2392,500,WELCOME
1504,40,15,202510,20251022,3,2255,500,SPRING
1505,38,3,202509,20250911,4,611,0,
1506,28,20,202507,20250703,2,2940,1000,夜市
1507,30,21,202507,20250711,4,3077,1000,夜市
1508,8,20,202511,20251117,5,2940,1000,WELCOME
1509,29,4,202512,20251211,5,748,0,
1510,23,22,202504,20250426,1,3214,1000,
1511,5,8,202506,20250617,1,1296,0,SPRING
1512,63,31,202511,20251102,5,4447,1500,
1513,63,16,202508,20250808,5,2392,500,WELCOME
1514,23,2,202512,20251226,3,474,0,SPRING
1515,43,8,202503,20250321,2,1296,0,
1516,20,32,202511,20251105,2,4584,1500,夜市
1517,42,31,202512,20251203,4,4447,1500,夜市
1518,25,26,202505,20250523,4,3762,1500,LOYAL
1519,62,14,202505,20250515,4,2118,500,
1520,27,14,202501,20250115,2,2118,500,LOYAL
1521,54,9,202504,20250415,4,1433,500,LOYAL
1522,42,16,202509,20250906,5,2392,500,SPRING
1523,22,15,202511,20251109,4,2255,500,
1524,22,25,202509,20250901,2,3625,1500,夜市
1525,51,6,202503,20250317,4,1022,0,夜市
1526,39,5,202503,20250303,3,885,0,
1527,20,4,202508,20250804,5,748,0,
1528,58,16,202507,20250720,2,2392,500,WELCOME
1529,60,25,202509,20250920,5,3625,1500,SPRING
1530,11,19,202502,20250218,2,2803,1000,
1531,35,9,202508,20250809,1,1433,500,SPRING
1532,46,27,202503,20250312,2,3899,1500,WELCOME
1533,21,22,202502,20250201,3,3214,1000,
1534,46,18,202507,20250717,4,2666,1000,夜市
1535,31,10,202511,20251105,4,1570,500,
1536,5,21,202511,20251121,4,3077,1000,SPRING
1537,46,29,202501,20250101,3,4173,1500,SPRING
1538,40,28,202505,20250519,1,4036,1500,夜市
1539,8,23,202502,20250221,1,3351,1000,SPRING
1540,2,25,202510,20251008,4,3625,1500,
1541,20,10,202506,20250625,5,1570,500,SPRING
1542,39,21,202501,20250110,4,3077,1000,SPRING
1543,37,3,202505,20250509,4,611,0,SPRING
1544,13,6,202510,20251026,3,1022,0,LOYAL
1545,61,6,202506,20250627,4,1022,0,
1546,52,11,202512,20251209,3,1707,500,LOYAL
1547,54,31,202502,20250228,5,4447,1500,
1548,47,11,202502,20250225,5,1707,500,WELCOME
1549,41,14,202501,20250126,2,2118,500,
1550,49,2,202502,20250213,1,474,0,LOYAL
1551,8,31,202502,20250201,1,4447,1500,SPRING
1552,44,10,202504,20250415,5,1570,500,夜市
1553,35,13,202505,20250513,2,1981,500,夜市
1554,13,18,202503,20250313,3,2666,1000,
1555,22,10,202506,20250618,2,1570,500,SPRING
1556,11,14,202509,20250926,3,2118,500,
1557,59,15,202501,20250114,5,2255,500,
1558,22,17,202505,20250507,3,2529,1000,LOYAL
1559,47,2,202511,20251123,1,474,0,LOYAL
1560,8,3,202507,20250719,3,611,0,
1561,27,32,202510,20251007,1,4584,1500,
1562,62,23,202503,20250317,5,3351,1000,LOYAL
1563,28,19,202507,20250703,3,2803,1000,LOYAL
1564,10,12,202511,20251114,5,1844,500,
1565,29,9,202502,20250221,3,1433,500,
1566,26,16,202508,20250822,5,2392,500,SPRING
1567,4,26,202508,20250807,5,3762,1500,夜市
1568,35,14,202501,20250103,2,2118,500,
1569,43,9,202503,20250318,4,1433,500,
1570,10,31,202501,20250120,1,4447,1500,
1571,56,21,202508,20250813,1,3077,1000,SPRING
1572,32,6,202501,20250111,1,1022,0,
1573,19,9,202512,20251228,1,1433,500,SPRING
1574,43,28,202510,20251002,3,4036,1500,夜市
1575,59,11,202507,20250716,2,1707,500,
1576,13,2,202505,20250509,4,474,0,夜市
1577,53,2,202503,20250321,3,474,0,
1578,5,17,202512,20251224,4,2529,1000,
1579,24,15,202502,20250221,3,2255,500,WELCOME
1580,49,11,202505,20250524,3,1707,500,WELCOME
1581,34,1,202504,20250415,3,337,0,WELCOME
1582,53,25,202507,20250709,4,3625,1500,
1583,23,32,202505,20250525,5,4584,1500,SPRING
1584,40,32,202509,20250923,5,4584,1500,夜市
1585,10,20,202511,20251110,5,2940,1000,LOYAL
1586,51,13,202512,20251201,2,1981,500,LOYAL
1587,53,23,202501,20250108,4,3351,1000,夜市
1588,48,1,202503,20250304,3,337,0,LOYAL
1589,61,4,202505,20250522,2,748,0,
1590,4,28,202509,20250901,4,4036,1500,LOYAL
1591,52,4,202506,20250615,2,748,0,
1592,19,2,202508,20250819,3,474,0,SPRING
1593,17,32,202512,20251227,4,4584,1500,LOYAL
1594,53,13,202504,20250416,4,1981,500,LOYAL
1595,11,29,202501,20250106,2,4173,1500,LOYAL
1596,45,9,202501,20250104,2,1433,500,
1597,25,5,202502,20250210,5,885,0,夜市
1598,20,4,202508,20250822,4,748,0,WELCOME
1599,16,31,202507,20250725,3,4447,1500,
1600,3,27,202503,20250312,4,3899,1500,LOYAL
1601,52,17,202511,20251123,4,2529,1000,SPRING
1602,44,17,202501,20250112,3,2529,1000,夜市
1603,58,27,202509,20250913,1,3899,1500,
1604,51,11,202511,20251108,5,1707,500,SPRING
1605,45,3,202509,20250919,3,611,0,WELCOME
1606,17,1,202502,20250213,3,337,0,WELCOME
1607,20,12,202507,20250712,3,1844,500,
1608,28,18,202505,20250502,2,2666,1000,
1609,41,16,202507,20250714,1,2392,500,夜市
1610,56,11,202512,20251217,3,1707,500,
1611,64,6,202512,20251216,2,1022,0,LOYAL
1612,54,7,202509,20250918,2,1159,0,WELCOME
1613,55,31,202511,20251121,1,4447,1500,LOYAL
1614,49,10,202511,20251102,5,1570,500,SPRING
1615,35,17,202512,20251215,4,2529,1000,夜市
1616,24,21,202507,20250714,4,3077,1000,
1617,32,27,202508,20250826,3,3899,1500,
1618,64,3,202506,20250605,3,611,0,
1619,23,20,202505,20250505,3,2940,1000,
1620,14,22,202506,20250604,1,3214,1000,
1621,42,20,202508,20250802,3,2940,1000,WELCOME
1622,23,32,202509,20250907,4,4584,1500,WELCOME
1623,28,9,202502,20250213,2,1433,500,夜市
1624,19,2,202510,20251010,3,474,0,
1625,8,22,202512,20251201,3,3214,1000,LOYAL
1626,19,23,202512,20251218,1,3351,1000,WELCOME
1627,19,23,202505,20250527,2,3351,1000,
1628,16,29,202503,20250327,1,4173,1500,SPRING
1629,31,9,202507,20250725,1,1433,500,夜市
1630,51,22,202511,20251119,1,3214,1000,WELCOME
1631,19,17,202512,20251214,1,2529,1000,
1632,59,2,202501,20250111,3,474,0,WELCOME
1633,58,30,202502,20250215,1,4310,1500,SPRING
1634,57,9,202502,20250210,2,1433,500,LOYAL
1635,64,28,202507,20250721,1,4036,1500,SPRING
1636,44,32,202503,20250326,4,4584,1500,夜市
1637,51,30,202505,20250518,1,4310,1500,
1638,46,13,202501,20250124,1,1981,500,
1639,24,6,202503,20250306,5,1022,0,WELCOME
1640,48,21,202505,20250515,4,3077,1000,LOYAL
1641,32,22,202506,20250622,1,3214,1000,SPRING
1642,1,31,202503,20250308,1,4447,1500,LOYAL
1643,52,26,202505,20250504,5,3762,1500,LOYAL
1644,31,7,202512,20251205,4,1159,0,SPRING
1645,49,10,202506,20250601,3,1570,500,
1646,34,32,202512,20251221,3,4584,1500,LOYAL
1647,27,16,202502,20250221,3,2392,500,WELCOME
1648,2,24,202505,20250504,4,3488,1000,LOYAL
1649,14,9,202504,20250410,3,1433,500,夜市
1650,33,26,202504,20250402,5,3762,1500,夜市
1651,20,17,202506,20250622,4,2529,1000,SPRING
1652,63,14,202501,20250112,1,2118,500,
1653,24,3,202505,20250523,1,611,0,WELCOME
1654,7,19,202511,20251112,1,2803,1000,LOYAL
1655,62,17,202504,20250420,2,2529,1000,夜市
1656,34,30,202506,20250623,3,4310,1500,夜市
1657,42,12,202509,20250920,5,1844,500,夜市
1658,2,12,202509,20250916,5,1844,500,LOYAL
1659,12,24,202501,20250101,5,3488,1000,
1660,50,9,202502,20250213,2,1433,500,
1661,55,23,202502,20250224,2,3351,1000,
1662,6,26,202505,20250505,3,3762,1500,
1663,32,21,202505,20250520,1,3077,1000,SPRING
1664,37,7,202511,20251125,3,1159,0,
1665,42,11,202501,20250102,1,1707,500,WELCOME
1666,42,8,202511,20251115,3,1296,0,
1667,33,10,202509,20250923,3,1570,500,LOYAL
1668,13,24,202504,20250426,1,3488,1000,
1669,64,26,202503,20250327,4,3762,1500,夜市
1670,64,17,202509,20250924,5,2529,1000,WELCOME
1671,5,10,202502,20250202,3,1570,500,夜市
1672,29,9,202502,20250209,5,1433,500,SPRING
1673,50,22,202502,20250222,1,3214,1000,
1674,13,12,202503,20250309,2,1844,500,WELCOME
1675,18,10,202502,20250210,5,1570,500,WELCOME
1676,3,23,202512,20251202,5,3351,1000,SPRING
1677,34,19,202512,20251223,5,2803,1000,
1678,63,11,202509,20250914,5,1707,500,LOYAL
1679,24,11,202511,20251112,5,1707,500,LOYAL
1680,40,10,202510,20251003,1,1570,500,
1681,16,18,202506,20250603,2,2666,1000,WELCOME
1682,48,2,202509,20250918,1,474,0,LOYAL
1683,32,2,202504,20250417,4,474,0,WELCOME
1684,42,4,202505,20250503,3,748,0,LOYAL
1685,48,30,202501,20250127,1,4310,1500,SPRING
1686,48,23,202509,20250907,4,3351,1000,LOYAL
1687,30,1,202503,20250309,3,337,0,
1688,58,5,202507,20250711,4,885,0,SPRING
1689,8,22,202506,20250621,1,3214,1000,LOYAL
1690,52,21,202506,20250605,1,3077,1000,LOYAL
1691,63,26,202508,20250803,3,3762,1500,SPRING
1692,27,31,202504,20250426,2,4447,1500,夜市
1693,21,10,202502,20250218,4,1570,500,LOYAL
1694,34,18,202512,20251206,1,2666,1000,
1695,19,7,202504,20250410,4,1159,0,LOYAL
1696,59,13,202512,20251224,2,1981,500,WELCOME
1697,9,4,202508,20250811,1,748,0,
1698,40,24,202512,20251226,5,3488,1000,LOYAL
1699,63,23,202504,20250402,4,3351,1000,
1700,51,21,202509,20250909,5,3077,1000,夜市
1701,26,12,202505,20250521,1,1844,500,
1702,3,15,202503,20250318,2,2255,500,
1703,44,28,202506,20250617,4,4036,1500,SPRING
1704,28,11,202512,20251228,4,1707,500,LOYAL
1705,16,18,202505,20250523,4,2666,1000,SPRING
1706,10,12,202503,20250303,2,1844,500,WELCOME
1707,5,23,202510,20251003,5,3351,1000,LOYAL
1708,27,23,202501,20250117,2,3351,1000,
1709,20,14,202504,20250408,1,2118,500,
1710,62,23,202508,20250804,2,3351,1000,
1711,46,18,202503,20250303,3,2666,1000,SPRING
1712,7,1,202512,20251215,3,337,0,夜市
1713,58,32,202501,20250126,3,4584,1500,WELCOME
1714,39,16,202510,20251005,2,2392,500,SPRING
1715,53,31,202506,20250617,2,4447,1500,
1716,52,27,202505,20250508,2,3899,1500,夜市
1717,9,19,202510,20251027,2,2803,1000,夜市
1718,63,13,202506,20250604,4,1981,500,LOYAL
1719,44,17,202511,20251103,3,2529,1000,夜市
1720,51,21,202502,20250222,4,3077,1000,夜市
1721,60,6,202509,20250908,1,1022,0,WELCOME
1722,63,32,202502,20250228,2,4584,1500,
1723,30,9,202512,20251217,5,1433,500,
1724,22,11,202511,20251126,1,1707,500,夜市
1725,64,7,202511,20251114,1,1159,0,SPRING
1726,50,27,202505,20250520,5,3899,1500,
1727,33,9,202512,20251203,1,1433,500,WELCOME
1728,56,19,202502,20250210,5,2803,1000,夜市
1729,23,24,202510,20251015,2,3488,1000,
1730,30,31,202510,20251012,4,4447,1500,WELCOME
1731,41,2,202506,20250624,4,474,0,SPRING
1732,47,29,202503,20250325,4,4173,1500,夜市
1733,6,30,202501,20250115,1,4310,1500,
1734,16,24,202505,20250506,1,3488,1000,LOYAL
1735,56,5,202505,20250509,4,885,0,WELCOME
1736,57,2,202510,20251005,4,474,0,
1737,38,11,202503,20250304,1,1707,500,SPRING
1738,21,19,202502,20250228,5,2803,1000,WELCOME
1739,8,6,202507,20250725,3,1022,0,
1740,25,14,202504,20250403,4,2118,500,WELCOME
1741,61,21,202509,20250913,1,3077,1000,WELCOME
1742,60,3,202503,20250304,3,611,0,
1743,36,14,202503,20250325,3,2118,500,
1744,27,19,202507,20250716,4,2803,1000,SPRING
1745,43,4,202508,20250801,1,748,0,SPRING
1746,20,6,202509,20250927,2,1022,0,SPRING
1747,59,12,202505,20250525,2,1844,500,
1748,40,26,202501,20250122,2,3762,1500,
1749,20,24,202504,20250424,1,3488,1000,夜市
1750,26,24,202507,20250719,2,3488,1000,
1751,64,32,202503,20250308,3,4584,1500,
1752,64,15,202503,20250308,1,2255,500,
1753,6,27,202510,20251025,4,3899,1500,SPRING
1754,8,21,202504,20250408,5,3077,1000,
1755,51,32,202507,20250721,1,4584,1500,LOYAL
1756,11,21,202506,20250628,5,3077,1000,夜市
1757,61,4,202512,20251208,1,748,0,
1758,55,10,202507,20250717,5,1570,500,WELCOME
1759,37,5,202506,20250620,4,885,0,LOYAL
1760,51,4,202508,20250801,3,748,0,夜市
1761,9,10,202510,20251017,3,1570,500,SPRING
1762,59,7,202505,20250520,4,1159,0,WELCOME
1763,2,9,202503,20250301,1,1433,500,夜市
1764,33,32,202512,20251213,1,4584,1500,
1765,64,1,202509,20250906,5,337,0,SPRING
1766,49,26,202507,20250715,3,3762,1500,LOYAL
1767,31,10,202501,20250118,2,1570,500,WELCOME
1768,10,15,202511,20251122,1,2255,500,夜市
1769,33,7,202506,20250627,3,1159,0,夜市
1770,25,27,202508,20250821,5,3899,1500,WELCOME
1771,31,9,202510,20251026,2,1433,500,
1772,58,17,202508,20250817,1,2529,1000,
1773,54,3,202505,20250526,1,611,0,
1774,49,20,202512,20251202,2,2940,1000,
1775,37,6,202506,20250601,3,1022,0,
1776,57,11,202511,20251105,3,1707,500,LOYAL
1777,17,8,202508,20250820,5,1296,0,夜市
1778,21,26,202510,20251024,4,3762,1500,
1779,64,12,202511,20251108,3,1844,500,LOYAL
1780,32,25,202504,20250416,5,3625,1500,SPRING
1781,42,21,202501,20250112,5,3077,1000,SPRING
1782,26,12,202509,20250905,5,1844,500,夜市
1783,41,13,202503,20250318,5,1981,500,SPRING
1784,6,25,202504,20250419,1,3625,1500,WELCOME
1785,55,13,202505,20250522,3,1981,500,
1786,28,28,202502,20250218,3,4036,1500,WELCOME
1787,3,28,202502,20250203,2,4036,1500,LOYAL
1788,1,26,202505,20250504,3,3762,1500,WELCOME
1789,3,9,202508,20250806,2,1433,500,夜市
1790,36,24,202506,20250620,3,3488,1000,夜市
1791,12,29,202506,20250608,4,4173,1500,夜市
1792,60,20,202510,20251007,3,2940,1000,
1793,23,1,202502,20250218,4,337,0,LOYAL
1794,62,14,202510,20251003,4,2118,500,夜市
1795,31,20,202509,20250906,3,2940,1000,WELCOME
1796,14,19,202507,20250717,2,2803,1000,WELCOME
1797,41,1,202504,20250415,3,337,0,LOYAL
1798,26,25,202507,20250728,2,3625,1500,WELCOME
1799,10,20,202506,20250621,3,2940,1000,
1800,54,1,202508,20250823,1,337,0,夜市
1801,6,9,202511,20251125,5,1433,500,WELCOME
1802,5,15,202503,20250325,5,2255,500,WELCOME
1803,46,10,202507,20250710,4,1570,500,WELCOME
1804,27,14,202506,20250614,1,2118,500,WELCOME
1805,42,22,202507,20250723,3,3214,1000,夜市
1806,1,8,202506,20250607,2,1296,0,
1807,43,10,202508,20250808,2,1570,500,LOYAL
1808,48,11,202508,20250810,1,1707,500,LOYAL
1809,13,12,202507,20250717,1,1844,500,夜市
1810,22,4,202502,20250221,2,748,0,夜市
1811,35,11,202512,20251226,1,1707,500,
1812,46,23,202502,20250204,3,3351,1000,WELCOME
1813,64,21,202503,20250315,3,3077,1000,
1814,40,1,202509,20250926,1,337,0,LOYAL
1815,36,14,202506,20250626,3,2118,500,SPRING
1816,64,20,202510,20251018,5,2940,1000,
1817,39,23,202505,20250503,3,3351,1000,SPRING
1818,59,13,202511,20251104,4,1981,500,LOYAL
1819,47,20,202505,20250501,5,2940,1000,LOYAL
1820,29,10,202512,20251221,2,1570,500,
1821,47,12,202505,20250512,2,1844,500,LOYAL
1822,43,16,202510,20251028,1,2392,500,LOYAL
1823,7,17,202509,20250917,1,2529,1000,夜市
1824,37,14,202501,20250113,4,2118,500,LOYAL
1825,29,22,202512,20251227,4,3214,1000,SPRING
1826,51,1,202509,20250921,5,337,0,LOYAL
1827,50,3,202508,20250817,5,611,0,
1828,54,29,202511,20251115,1,4173,1500,WELCOME
1829,46,23,202501,20250112,4,3351,1000,夜市
1830,22,10,202510,20251018,2,1570,500,WELCOME
1831,7,12,202503,20250321,3,1844,500,SPRING
1832,62,11,202505,20250503,5,1707,500,
1833,43,15,202509,20250909,2,2255,500,WELCOME
1834,33,6,202510,20251028,4,1022,0,
1835,43,31,202502,20250204,4,4447,1500,SPRING
1836,31,10,202503,20250315,1,1570,500,SPRING
1837,57,3,202505,20250516,4,611,0,WELCOME
1838,2,21,202511,20251126,3,3077,1000,
1839,33,13,202504,20250425,4,1981,500,WELCOME
1840,6,31,202501,20250115,1,4447,1500,夜市
1841,58,23,202506,20250615,4,3351,1000,
1842,7,18,202502,20250212,2,2666,1000,LOYAL
1843,1,3,202507,20250704,1,611,0,LOYAL
1844,20,4,202512,20251216,4,748,0,WELCOME
1845,28,22,202505,20250528,5,3214,1000,WELCOME
1846,63,8,202504,20250423,3,1296,0,WELCOME
1847,19,3,202507,20250709,4,611,0,LOYAL
1848,29,22,202507,20250701,3,3214,1000,
1849,5,4,202503,20250317,4,748,0,夜市
1850,22,11,202508,20250807,1,1707,500,夜市
1851,16,29,202504,20250402,4,4173,1500,WELCOME
1852,45,23,202508,20250818,2,3351,1000,WELCOME
1853,38,23,202501,20250106,1,3351,1000,WELCOME
1854,38,5,202507,20250701,5,885,0,LOYAL
1855,7,3,202512,20251201,5,611,0,
1856,14,2,202502,20250207,1,474,0,WELCOME
1857,48,12,202509,20250910,2,1844,500,夜市
1858,62,14,202505,20250525,4,2118,500,LOYAL
1859,3,5,202510,20251026,1,885,0,SPRING
1860,5,15,202506,20250620,1,2255,500,SPRING
1861,53,5,202501,20250102,1,885,0,夜市
1862,52,25,202506,20250625,4,3625,1500,
1863,49,20,202507,20250723,4,2940,1000,WELCOME
1864,63,25,202504,20250417,2,3625,1500,WELCOME
1865,53,23,202512,20251209,1,3351,1000,
1866,25,22,202503,20250304,5,3214,1000,
1867,55,6,202510,20251023,1,1022,0,SPRING
1868,62,2,202504,20250428,1,474,0,LOYAL
1869,26,13,202502,20250222,5,1981,500,
1870,19,21,202508,20250817,3,3077,1000,
1871,63,20,202507,20250704,2,2940,1000,WELCOME
1872,61,21,202509,20250911,4,3077,1000,LOYAL
1873,10,7,202508,20250822,5,1159,0,SPRING
1874,7,24,202507,20250713,5,3488,1000,夜市
1875,56,9,202507,20250708,5,1433,500,SPRING
1876,34,24,202511,20251111,2,3488,1000,
1877,39,24,202505,20250518,5,3488,1000,夜市
1878,49,21,202512,20251211,1,3077,1000,WELCOME
1879,37,23,202507,20250709,2,3351,1000,
1880,44,27,202506,20250609,2,3899,1500,LOYAL
1881,42,15,202511,20251106,1,2255,500,
1882,47,15,202510,20251023,5,2255,500,SPRING
1883,61,5,202505,20250516,1,885,0,
1884,12,23,202512,20251213,2,3351,1000,SPRING
1885,1,13,202511,20251118,2,1981,500,
1886,16,11,202511,20251101,1,1707,500,LOYAL
1887,35,29,202512,20251215,5,4173,1500,夜市
1888,26,18,202512,20251205,1,2666,1000,SPRING
1889,4,2,202512,20251208,1,474,0,
1890,37,9,202501,20250108,5,1433,500,
1891,61,27,202503,20250315,3,3899,1500,夜市
1892,5,10,202509,20250921,3,1570,500,
1893,63,19,202506,20250628,2,2803,1000,
1894,4,3,202503,20250304,2,611,0,LOYAL
1895,25,1,202502,20250219,3,337,0,夜市
1896,2,23,202501,20250123,1,3351,1000,LOYAL
1897,22,5,202507,20250724,3,885,0,
1898,12,22,202504,20250408,1,3214,1000,WELCOME
1899,39,10,202509,20250918,4,1570,500,WELCOME
1900,57,2,202504,20250412,1,474,0,SPRING
1901,59,13,202507,20250702,5,1981,500,夜市
1902,61,18,202508,20250812,2,2666,1000,夜市
1903,59,20,202502,20250206,2,2940,1000,LOYAL
1904,42,17,202505,20250515,1,2529,1000,
1905,26,25,202510,20251025,1,3625,1500,
1906,23,27,202508,20250809,2,3899,1500,WELCOME
1907,19,23,202511,20251107,2,3351,1000,
1908,39,6,202508,20250816,3,1022,0,SPRING
1909,42,16,202507,20250720,4,2392,500,WELCOME
1910,3,12,202511,20251119,4,1844,500,
1911,2,21,202511,20251102,1,3077,1000,
1912,7,7,202508,20250806,5,1159,0,WELCOME
1913,38,13,202506,20250604,5,1981,500,
1914,62,18,202506,20250617,3,2666,1000,SPRING
1915,9,3,202502,20250211,1,611,0,SPRING
1916,49,23,202501,20250112,1,3351,1000,WELCOME
1917,2,13,202502,20250227,4,1981,500,夜市
1918,32,26,202504,20250426,4,3762,1500,
1919,10,5,202505,20250507,3,885,0,
1920,28,12,202505,20250501,1,1844,500,LOYAL
1921,11,27,202511,20251110,4,3899,1500,LOYAL
1922,46,29,202503,20250324,4,4173,1500,LOYAL
1923,21,15,202512,20251221,5,2255,500,夜市
1924,57,7,202505,20250523,4,1159,0,WELCOME
1925,14,30,202509,20250926,1,4310,1500,
1926,26,24,202502,20250205,2,3488,1000,夜市
1927,7,24,202502,20250220,5,3488,1000,
1928,7,6,202507,20250707,5,1022,0,SPRING
1929,38,16,202504,20250425,2,2392,500,
1930,61,29,202501,20250114,5,4173,1500,LOYAL
1931,62,6,202501,20250104,1,1022,0,
1932,53,8,202507,20250719,5,1296,0,
1933,57,22,202505,20250510,3,3214,1000,LOYAL
1934,12,30,202505,20250517,2,4310,1500,WELCOME
1935,28,11,202510,20251017,4,1707,500,SPRING
1936,31,26,202504,20250418,4,3762,1500,
1937,35,13,202503,20250320,2,1981,500,SPRING
1938,56,27,202501,20250107,4,3899,1500,SPRING
1939,13,21,202502,20250207,3,3077,1000,
1940,19,30,202504,20250403,1,4310,1500,夜市
1941,19,11,202511,20251123,2,1707,500,WELCOME
1942,43,7,202507,20250712,3,1159,0,WELCOME
1943,26,14,202506,20250621,1,2118,500,LOYAL
1944,37,2,202512,20251216,2,474,0,夜市
1945,8,17,202503,20250315,1,2529,1000,夜市
1946,49,31,202509,20250907,4,4447,1500,
1947,34,18,202501,20250115,5,2666,1000,LOYAL
1948,6,26,202511,20251121,1,3762,1500,SPRING
1949,31,16,202502,20250208,3,2392,500,SPRING
1950,50,12,202510,20251010,5,1844,500,
1951,37,19,202506,20250601,2,2803,1000,LOYAL
1952,47,18,202502,20250208,1,2666,1000,
1953,37,30,202512,20251222,1,4310,1500,
1954,22,2,202503,20250306,2,474,0,LOYAL
1955,8,14,202506,20250620,3,2118,500,LOYAL
1956,6,18,202502,20250211,4,2666,1000,LOYAL
1957,6,9,202509,20250923,1,1433,500,
1958,30,31,202508,20250808,2,4447,1500,LOYAL
1959,48,17,202506,20250624,5,2529,1000,LOYAL
1960,18,23,202507,20250728,4,3351,1000,
1961,16,2,202503,20250316,3,474,0,LOYAL
1962,35,31,202505,20250508,2,4447,1500,SPRING
1963,27,5,202510,20251028,1,885,0,SPRING
1964,2,3,202504,20250411,1,611,0,夜市
1965,49,28,202506,20250605,3,4036,1500,WELCOME
1966,40,10,202506,20250626,4,1570,500,
1967,32,21,202505,20250502,1,3077,1000,
1968,17,31,202511,20251115,5,4447,1500,
1969,15,24,202511,20251108,4,3488,1000,夜市
1970,14,29,202508,20250815,1,4173,1500,
1971,29,1,202510,20251016,3,337,0,
1972,8,18,202508,20250820,5,2666,1000,SPRING
1973,15,12,202502,20250228,4,1844,500,WELCOME
1974,3,10,202509,20250909,5,1570,500,
1975,23,11,202509,20250928,4,1707,500,WELCOME
1976,6,28,202507,20250719,3,4036,1500,夜市
1977,39,16,202501,20250113,1,2392,500,WELCOME
1978,21,22,202507,20250712,1,3214,1000,夜市
1979,53,25,202502,20250210,1,3625,1500,夜市
1980,60,6,202510,20251023,4,1022,0,SPRING
1981,53,19,202504,20250406,5,2803,1000,
1982,59,19,202506,20250608,4,2803,1000,WELCOME
1983,48,27,202503,20250316,3,3899,1500,WELCOME
1984,19,3,202508,20250822,1,611,0,夜市
1985,61,23,202505,20250524,5,3351,1000,
1986,2,4,202503,20250305,4,748,0,
1987,19,8,202506,20250627,4,1296,0,SPRING
1988,64,21,202506,20250615,5,3077,1000,
1989,1,23,202507,20250723,4,3351,1000,夜市
1990,32,2,202508,20250824,5,474,0,WELCOME
1991,60,12,202504,20250425,4,1844,500,SPRING
1992,38,31,202501,20250108,4,4447,1500,SPRING
1993,28,17,202504,20250412,1,2529,1000,SPRING
1994,36,20,202510,20251027,1,2940,1000,WELCOME
1995,42,6,202501,20250123,3,1022,0,
1996,46,23,202506,20250615,3,3351,1000,LOYAL
1997,28,17,202503,20250315,3,2529,1000,
1998,44,16,202511,20251110,3,2392,500,
1999,25,1,202505,20250525,2,337,0,WELCOME
2000,50,1,202510,20251016,2,337,0,LOYAL
2001,3,24,202503,20250321,3,3488,1000,WELCOME
2002,28,5,202506,20250623,5,885,0,
2003,3,10,202506,20250603,5,1570,500,夜市
2004,47,1,202509,20250907,2,337,0,SPRING
2005,21,6,202512,20251225,3,1022,0,
2006,39,8,202506,20250606,4,1296,0,LOYAL
2007,55,4,202511,20251105,1,748,0,
2008,1,22,202511,20251111,5,3214,1000,SPRING
2009,2,29,202512,20251226,1,4173,1500,
2010,7,19,202511,20251120,4,2803,1000,
2011,60,17,202503,20250304,5,2529,1000,SPRING
2012,44,15,202508,20250825,1,2255,500,WELCOME
2013,39,28,202501,20250105,5,4036,1500,LOYAL
2014,59,18,202508,20250819,4,2666,1000,
2015,63,24,202508,20250805,2,3488,1000,WELCOME
2016,5,4,202509,20250907,1,748,0,
2017,9,2,202506,20250626,4,474,0,WELCOME
2018,23,8,202509,20250928,2,1296,0,夜市
2019,24,7,202507,20250709,2,1159,0,夜市
2020,28,19,202504,20250425,5,2803,1000,
2021,58,11,202510,20251025,3,1707,500,WELCOME
2022,27,27,202511,20251125,1,3899,1500,LOYAL
2023,53,29,202509,20250924,1,4173,1500,
2024,46,10,202504,20250411,2,1570,500,LOYAL
2025,37,5,202511,20251126,4,885,0,WELCOME
2026,36,17,202502,20250206,2,2529,1000,SPRING
2027,16,13,202509,20250919,2,1981,500,SPRING
2028,50,11,202511,20251122,5,1707,500,
2029,50,4,202503,20250309,1,748,0,夜市
2030,14,14,202512,20251224,2,2118,500,
2031,7,12,202511,20251109,4,1844,500,LOYAL
2032,58,6,202507,20250724,1,1022,0,
2033,50,18,202512,20251215,4,2666,1000,LOYAL
2034,56,28,202507,20250724,3,4036,1500,
2035,24,11,202504,20250413,1,1707,500,
2036,18,10,202507,20250719,5,1570,500,WELCOME
2037,30,12,202506,20250617,3,1844,500,
2038,1,12,202512,20251203,2,1844,500,WELCOME
2039,36,17,202504,20250404,3,2529,1000,SPRING
2040,21,19,202502,20250202,4,2803,1000,LOYAL
2041,18,2,202506,20250627,4,474,0,WELCOME
2042,25,26,202501,20250123,3,3762,1500,
2043,30,30,202509,20250924,2,4310,1500,SPRING
2044,27,15,202510,20251023,5,2255,500,
2045,34,9,202509,20250907,5,1433,500,LOYAL
2046,60,25,202503,20250315,1,3625,1500,LOYAL
2047,48,23,202511,20251102,2,3351,1000,WELCOME
2048,45,26,202501,20250124,1,3762,1500,SPRING
2049,13,28,202506,20250612,3,4036,1500,
2050,5,6,202503,20250326,5,1022,0,夜市
2051,64,10,202510,20251016,1,1570,500,
2052,19,20,202501,20250113,5,2940,1000,LOYAL
2053,4,26,202512,20251220,2,3762,1500,SPRING
2054,3,31,202507,20250715,1,4447,1500,WELCOME
2055,60,4,202504,20250419,5,748,0,夜市
2056,30,14,202504,20250422,5,2118,500,WELCOME
2057,40,13,202512,20251208,4,1981,500,
2058,59,26,202510,20251026,5,3762,1500,
2059,38,30,202510,20251027,4,4310,1500,WELCOME
2060,12,27,202505,20250511,1,3899,1500,WELCOME
2061,18,25,202501,20250118,1,3625,1500,SPRING
2062,49,11,202504,20250406,1,1707,500,
2063,29,32,202507,20250716,2,4584,1500,夜市
2064,27,29,202502,20250219,5,4173,1500,
2065,34,16,202509,20250911,5,2392,500,
2066,10,9,202502,20250226,4,1433,500,SPRING
2067,34,2,202510,20251005,3,474,0,SPRING
2068,20,18,202508,20250818,1,2666,1000,
2069,48,18,202511,20251118,5,2666,1000,
2070,59,32,202505,20250522,2,4584,1500,WELCOME
2071,2,26,202503,20250317,5,3762,1500,SPRING
2072,57,7,202505,20250508,5,1159,0,
2073,42,17,202507,20250701,2,2529,1000,WELCOME
2074,35,3,202502,20250216,5,611,0,SPRING
2075,51,12,202504,20250422,4,1844,500,夜市
2076,5,9,202505,20250501,1,1433,500,WELCOME
2077,45,23,202504,20250405,4,3351,1000,LOYAL
2078,8,16,202503,20250322,4,2392,500,LOYAL
2079,17,28,202504,20250412,5,4036,1500,
2080,17,25,202502,20250216,5,3625,1500,WELCOME
2081,38,21,202502,20250210,4,3077,1000,WELCOME
2082,34,2,202508,20250828,4,474,0,SPRING
2083,5,25,202505,20250504,3,3625,1500,夜市
2084,21,27,202512,20251211,1,3899,1500,
2085,45,13,202503,20250321,1,1981,500,SPRING
2086,42,30,202512,20251227,2,4310,1500,
2087,33,31,202509,20250921,1,4447,1500,SPRING
2088,39,10,202506,20250614,2,1570,500,
2089,53,29,202502,20250210,1,4173,1500,
2090,30,20,202503,20250316,5,2940,1000,LOYAL
2091,52,4,202503,20250308,3,748,0,夜市
2092,52,5,202504,20250401,4,885,0,LOYAL
2093,64,29,202509,20250927,1,4173,1500,
2094,11,19,202506,20250622,5,2803,1000,
2095,37,31,202502,20250213,3,4447,1500,夜市
2096,39,29,202506,20250607,5,4173,1500,
2097,55,6,202501,20250118,3,1022,0,WELCOME
2098,4,5,202501,20250119,5,885,0,WELCOME
2099,32,17,202507,20250712,2,2529,1000,LOYAL
2100,16,7,202512,20251209,3,1159,0,
2101,13,19,202510,20251022,3,2803,1000,WELCOME
2102,11,2,202511,20251105,2,474,0,夜市
2103,56,8,202507,20250710,2,1296,0,夜市
2104,6,11,202511,20251119,4,1707,500,WELCOME
2105,55,8,202502,20250211,4,1296,0,SPRING
2106,54,1,202506,20250608,1,337,0,WELCOME
2107,47,3,202505,20250526,2,611,0,
2108,39,29,202505,20250504,2,4173,1500,夜市
2109,61,6,202509,20250923,4,1022,0,夜市
2110,24,1,202509,20250924,1,337,0,WELCOME
2111,45,28,202502,20250228,1,4036,1500,
2112,11,17,202512,20251217,5,2529,1000,SPRING
2113,16,27,202510,20251005,4,3899,1500,SPRING
2114,6,17,202510,20251006,4,2529,1000,
2115,14,26,202507,20250720,1,3762,1500,LOYAL
2116,41,25,202506,20250607,4,3625,1500,WELCOME
2117,63,1,202503,20250308,3,337,0,
2118,35,28,202508,20250817,2,4036,1500,夜市
2119,50,31,202509,20250913,1,4447,1500,LOYAL
2120,17,5,202501,20250122,2,885,0,
2121,56,17,202510,20251005,3,2529,1000,
2122,25,19,202508,20250815,4,2803,1000,SPRING
2123,35,22,202508,20250811,1,3214,1000,SPRING
2124,38,5,202505,20250524,1,885,0,夜市
2125,26,19,202503,20250319,2,2803,1000,SPRING
2126,10,19,202505,20250513,5,2803,1000,LOYAL
2127,36,25,202507,20250711,1,3625,1500,夜市
2128,49,11,202507,20250712,1,1707,500,
2129,47,4,202507,20250704,2,748,0,夜市
2130,38,3,202503,20250304,3,611,0,夜市
2131,17,25,202512,20251216,5,3625,1500,
2132,5,28,202510,20251026,5,4036,1500,夜市
2133,61,19,202512,20251210,4,2803,1000,夜市
2134,59,20,202510,20251021,5,2940,1000,
2135,38,31,202502,20250219,4,4447,1500,
2136,64,21,202508,20250809,2,3077,1000,WELCOME
2137,50,22,202512,20251225,4,3214,1000,SPRING
2138,34,21,202507,20250709,2,3077,1000,
2139,1,21,202505,20250522,3,3077,1000,WELCOME
2140,11,27,202508,20250814,3,3899,1500,WELCOME
2141,6,24,202503,20250318,5,3488,1000,SPRING
2142,59,28,202509,20250911,1,4036,1500,
2143,62,24,202502,20250207,5,3488,1000,
2144,23,2,202503,20250322,4,474,0,
2145,3,5,202505,20250516,5,885,0,夜市
2146,31,21,202512,20251204,4,3077,1000,夜市
2147,13,29,202511,20251119,2,4173,1500,SPRING
2148,50,29,202503,20250306,2,4173,1500,
2149,50,29,202502,20250210,5,4173,1500,
2150,23,18,202505,20250519,3,2666,1000,WELCOME
2151,60,29,202504,20250421,4,4173,1500,LOYAL
2152,56,1,202511,20251114,5,337,0,LOYAL
2153,64,23,202501,20250117,5,3351,1000,LOYAL
2154,63,21,202503,20250308,5,3077,1000,WELCOME
2155,7,13,202512,20251218,4,1981,500,WELCOME
2156,12,11,202511,20251116,5,1707,500,
2157,53,11,202508,20250821,3,1707,500,SPRING
2158,29,1,202512,20251203,3,337,0,LOYAL
2159,41,4,202506,20250603,5,748,0,WELCOME
2160,45,13,202512,20251218,4,1981,500,夜市
2161,6,7,202509,20250914,3,1159,0,
2162,48,23,202510,20251001,2,3351,1000,WELCOME
2163,46,11,202507,20250702,1,1707,500,
2164,39,24,202505,20250516,1,3488,1000,夜市
2165,33,19,202501,20250114,4,2803,1000,SPRING
2166,7,13,202509,20250917,5,1981,500,
2167,43,2,202502,20250218,3,474,0,SPRING
2168,19,9,202501,20250123,2,1433,500,SPRING
2169,6,19,202508,20250804,3,2803,1000,LOYAL
2170,63,17,202505,20250513,4,2529,1000,
2171,22,2,202509,20250903,5,474,0,LOYAL
2172,53,10,202511,20251114,5,1570,500,LOYAL
2173,33,4,202510,20251020,4,748,0,LOYAL
2174,13,15,202510,20251016,2,2255,500,LOYAL
2175,31,1,202511,20251115,1,337,0,夜市
2176,11,27,202508,20250802,1,3899,1500,
2177,2,23,202505,20250525,5,3351,1000,
2178,2,17,202507,20250718,1,2529,1000,WELCOME
2179,43,17,202501,20250102,5,2529,1000,LOYAL
2180,35,28,202503,20250311,3,4036,1500,
2181,38,11,202506,20250609,2,1707,500,WELCOME
2182,38,24,202502,20250228,3,3488,1000,
2183,14,7,202511,20251119,4,1159,0,
2184,57,3,202509,20250913,2,611,0,
2185,52,32,202512,20251223,2,4584,1500,LOYAL
2186,60,14,202505,20250512,3,2118,500,夜市
2187,19,2,202508,20250823,4,474,0,WELCOME
2188,23,31,202511,20251128,5,4447,1500,SPRING
2189,39,23,202510,20251012,4,3351,1000,
2190,59,17,202503,20250310,2,2529,1000,SPRING
2191,53,4,202503,20250303,5,748,0,
2192,17,28,202511,20251118,1,4036,1500,LOYAL
2193,13,12,202505,20250503,4,1844,500,
2194,39,4,202511,20251116,5,748,0,SPRING
2195,12,22,202502,20250206,2,3214,1000,WELCOME
2196,22,3,202503,20250324,1,611,0,LOYAL
2197,42,24,202512,20251228,4,3488,1000,夜市
2198,5,4,202506,20250617,1,748,0,
2199,53,11,202502,20250201,1,1707,500,夜市
2200,30,27,202506,20250628,4,3899,1500,LOYAL
2201,13,19,202512,20251219,1,2803,1000,
2202,58,30,202505,20250524,1,4310,1500,WELCOME
2203,17,31,202509,20250920,1,4447,1500,SPRING
2204,14,11,202510,20251007,4,1707,500,夜市
2205,32,28,202510,20251012,2,4036,1500,
2206,23,31,202506,20250605,3,4447,1500,
2207,60,11,202508,20250807,2,1707,500,SPRING
2208,16,10,202512,20251208,5,1570,500,LOYAL
2209,7,6,202502,20250213,5,1022,0,WELCOME
2210,49,11,202504,20250402,2,1707,500,LOYAL
2211,53,32,202504,20250411,3,4584,1500,夜市
2212,27,1,202502,20250215,1,337,0,
2213,12,17,202510,20251020,2,2529,1000,WELCOME
2214,56,31,202512,20251216,5,4447,1500,SPRING
2215,36,31,202501,20250109,5,4447,1500,WELCOME
2216,10,17,202510,20251017,2,2529,1000,SPRING
2217,38,4,202503,20250310,4,748,0,WELCOME
2218,31,17,202512,20251215,2,2529,1000,WELCOME
2219,15,12,202512,20251207,4,1844,500,
2220,12,11,202507,20250714,4,1707,500,夜市
2221,33,7,202504,20250408,2,1159,0,WELCOME
2222,64,27,202501,20250114,4,3899,1500,LOYAL
2223,31,19,202512,20251212,1,2803,1000,SPRING
2224,39,31,202508,20250820,2,4447,1500,LOYAL
2225,24,5,202503,20250306,2,885,0,LOYAL
2226,20,5,202502,20250205,2,885,0,
2227,49,3,202504,20250427,1,611,0,SPRING
2228,5,19,202507,20250726,2,2803,1000,LOYAL
2229,40,12,202508,20250813,5,1844,500,LOYAL
2230,61,6,202501,20250117,1,1022,0,
2231,48,21,202505,20250505,4,3077,1000,夜市
2232,8,22,202506,20250604,3,3214,1000,SPRING
2233,42,18,202508,20250827,1,2666,1000,
2234,43,24,202511,20251106,4,3488,1000,夜市
2235,28,19,202505,20250510,2,2803,1000,LOYAL
2236,23,32,202503,20250324,3,4584,1500,LOYAL
2237,27,14,202508,20250810,4,2118,500,LOYAL
2238,9,3,202502,20250224,2,611,0,WELCOME
2239,49,25,202510,20251023,2,3625,1500,夜市
2240,44,8,202501,20250114,5,1296,0,
2241,64,30,202506,20250622,1,4310,1500,
2242,7,2,202503,20250319,1,474,0,WELCOME
2243,42,12,202501,20250110,4,1844,500,夜市
2244,30,15,202511,20251101,4,2255,500,WELCOME
2245,26,20,202512,20251204,2,2940,1000,WELCOME
2246,50,11,202508,20250814,2,1707,500,WELCOME
2247,56,23,202502,20250203,4,3351,1000,
2248,39,26,202508,20250825,5,3762,1500,SPRING
2249,54,2,202508,20250801,1,474,0,SPRING
2250,10,19,202509,20250921,4,2803,1000,夜市
2251,2,21,202504,20250416,3,3077,1000,SPRING
2252,57,14,202505,20250526,1,2118,500,SPRING
2253,12,14,202506,20250617,1,2118,500,夜市
2254,20,7,202510,20251016,2,1159,0,
2255,11,30,202503,20250326,4,4310,1500,
2256,32,27,202507,20250706,5,3899,1500,WELCOME
2257,20,6,202506,20250627,1,1022,0,WELCOME
2258,49,20,202503,20250304,4,2940,1000,
2259,19,9,202510,20251017,2,1433,500,夜市
2260,24,22,202501,20250115,5,3214,1000,WELCOME
2261,29,9,202507,20250713,2,1433,500,
2262,51,24,202509,20250912,2,3488,1000,WELCOME
2263,22,21,202505,20250517,1,3077,1000,
2264,57,18,202507,20250725,5,2666,1000,LOYAL
2265,39,8,202510,20251006,1,1296,0,夜市
2266,17,13,202508,20250814,1,1981,500,
2267,49,20,202501,20250103,2,2940,1000,SPRING
2268,32,3,202506,20250605,4,611,0,
2269,31,3,202502,20250206,3,611,0,夜市
2270,54,4,202510,20251006,3,748,0,SPRING
2271,47,9,202510,20251021,5,1433,500,WELCOME
2272,13,21,202512,20251210,1,3077,1000,夜市
2273,16,16,202510,20251010,5,2392,500,夜市
2274,20,6,202511,20251128,1,1022,0,WELCOME
2275,20,31,202505,20250509,3,4447,1500,
2276,25,24,202506,20250618,4,3488,1000,
2277,40,6,202501,20250123,5,1022,0,
2278,36,27,202512,20251210,4,3899,1500,SPRING
2279,45,22,202502,20250211,1,3214,1000,
2280,7,2,202506,20250602,3,474,0,WELCOME
2281,55,23,202512,20251214,1,3351,1000,LOYAL
2282,49,15,202509,20250927,2,2255,500,
2283,38,17,202508,20250823,5,2529,1000,SPRING
2284,51,28,202501,20250122,4,4036,1500,
2285,16,23,202510,20251012,1,3351,1000,
2286,62,16,202501,20250128,1,2392,500,
2287,31,19,202512,20251212,1,2803,1000,夜市
2288,33,8,202502,20250216,3,1296,0,夜市
2289,41,19,202501,20250108,4,2803,1000,
2290,25,10,202506,20250622,1,1570,500,WELCOME
2291,2,28,202501,20250119,2,4036,1500,
2292,2,30,202509,20250925,4,4310,1500,LOYAL
2293,30,8,202511,20251104,4,1296,0,LOYAL
2294,54,20,202510,20251027,4,2940,1000,LOYAL
2295,21,16,202505,20250511,1,2392,500,SPRING
2296,20,24,202510,20251009,5,3488,1000,
2297,37,3,202505,20250501,1,611,0,SPRING
2298,5,18,202512,20251221,5,2666,1000,
2299,32,5,202501,20250125,1,885,0,SPRING
2300,27,3,202504,20250419,2,611,0,夜市
2301,11,13,202507,20250711,2,1981,500,WELCOME
2302,52,26,202504,20250405,1,3762,1500,WELCOME
2303,46,16,202502,20250205,3,2392,500,
2304,24,32,202508,20250819,1,4584,1500,
2305,30,27,202501,20250112,4,3899,1500,夜市
2306,5,29,202507,20250702,1,4173,1500,
2307,10,26,202509,20250918,4,3762,1500,WELCOME
2308,54,20,202508,20250809,4,2940,1000,LOYAL
2309,46,5,202509,20250922,3,885,0,LOYAL
2310,44,7,202509,20250903,1,1159,0,
2311,30,19,202504,20250426,1,2803,1000,夜市
2312,30,26,202511,20251114,4,3762,1500,夜市
2313,16,24,202506,20250606,3,3488,1000,LOYAL
2314,56,28,202508,20250808,2,4036,1500,SPRING
2315,54,12,202501,20250112,5,1844,500,SPRING
2316,51,32,202504,20250401,2,4584,1500,LOYAL
2317,47,24,202509,20250910,3,3488,1000,
2318,19,29,202502,20250217,3,4173,1500,WELCOME
2319,28,5,202508,20250820,4,885,0,
2320,40,9,202504,20250412,1,1433,500,夜市
2321,61,9,202505,20250517,1,1433,500,SPRING
2322,58,6,202512,20251208,4,1022,0,夜市
2323,22,8,202504,20250418,3,1296,0,夜市
2324,12,28,202512,20251225,3,4036,1500,
2325,31,18,202506,20250611,4,2666,1000,
2326,24,6,202508,20250813,1,1022,0,夜市
2327,46,32,202511,20251118,4,4584,1500,WELCOME
2328,27,16,202505,20250509,5,2392,500,SPRING
2329,2,31,202504,20250421,3,4447,1500,
2330,41,3,202503,20250307,5,611,0,夜市
2331,62,26,202512,20251225,5,3762,1500,
2332,14,6,202504,20250428,3,1022,0,SPRING
2333,5,27,202508,20250826,2,3899,1500,LOYAL
2334,44,23,202505,20250503,4,3351,1000,夜市
2335,30,1,202511,20251121,4,337,0,SPRING
2336,64,23,202507,20250719,5,3351,1000,WELCOME
2337,38,19,202506,20250626,5,2803,1000,
2338,14,26,202504,20250407,5,3762,1500,
2339,5,4,202511,20251113,2,748,0,LOYAL
2340,64,8,202504,20250420,5,1296,0,WELCOME
2341,30,7,202510,20251013,5,1159,0,LOYAL
2342,53,3,202503,20250325,1,611,0,LOYAL
2343,31,23,202508,20250821,4,3351,1000,LOYAL
2344,21,14,202509,20250909,1,2118,500,WELCOME
2345,46,21,202507,20250715,1,3077,1000,
2346,29,22,202502,20250218,5,3214,1000,SPRING
2347,44,28,202507,20250716,5,4036,1500,SPRING
2348,41,25,202507,20250724,4,3625,1500,LOYAL
2349,62,3,202511,20251113,3,611,0,
2350,52,26,202501,20250111,2,3762,1500,夜市
2351,29,16,202509,20250917,2,2392,500,WELCOME
2352,10,13,202504,20250414,3,1981,500,
2353,5,27,202510,20251013,1,3899,1500,SPRING
2354,9,2,202503,20250320,4,474,0,WELCOME
2355,46,16,202503,20250323,3,2392,500,WELCOME
2356,33,19,202506,20250616,2,2803,1000,夜市
2357,61,3,202502,20250205,2,611,0,SPRING
2358,54,1,202511,20251105,5,337,0,LOYAL
2359,26,25,202504,20250418,4,3625,1500,
2360,50,32,202506,20250621,2,4584,1500,SPRING
2361,11,18,202503,20250318,4,2666,1000,WELCOME
2362,60,26,202503,20250321,2,3762,1500,
2363,38,14,202502,20250218,4,2118,500,WELCOME
2364,54,23,202503,20250325,5,3351,1000,SPRING
2365,30,26,202504,20250426,1,3762,1500,夜市
2366,44,11,202507,20250719,4,1707,500,
2367,19,27,202507,20250710,5,3899,1500,夜市
2368,53,19,202512,20251201,5,2803,1000,WELCOME
2369,63,13,202507,20250704,5,1981,500,
2370,35,31,202505,20250501,5,4447,1500,LOYAL
2371,13,4,202502,20250205,5,748,0,WELCOME
2372,17,11,202504,20250412,5,1707,500,WELCOME
2373,37,23,202501,20250121,5,3351,1000,
2374,33,8,202508,20250806,1,1296,0,SPRING
2375,52,23,202512,20251202,3,3351,1000,夜市
2376,52,29,202505,20250527,2,4173,1500,夜市
2377,13,13,202511,20251111,3,1981,500,SPRING
2378,56,11,202504,20250405,1,1707,500,
2379,28,23,202509,20250904,1,3351,1000,SPRING
2380,45,25,202501,20250117,4,3625,1500,
2381,37,7,202501,20250120,3,1159,0,WELCOME
2382,21,6,202502,20250224,3,1022,0,LOYAL
2383,20,9,202503,20250312,2,1433,500,WELCOME
2384,44,1,202504,20250428,2,337,0,
2385,59,22,202509,20250911,3,3214,1000,
2386,62,4,202502,20250219,5,748,0,
2387,27,12,202508,20250822,4,1844,500,
2388,33,25,202504,20250411,3,3625,1500,
2389,54,8,202506,20250613,2,1296,0,SPRING
2390,7,11,202504,20250417,2,1707,500,LOYAL
2391,12,23,202510,20251023,3,3351,1000,夜市
2392,32,7,202501,20250112,4,1159,0,SPRING
2393,11,25,202502,20250225,1,3625,1500,
2394,41,30,202510,20251021,2,4310,1500,
2395,21,31,202510,20251016,1,4447,1500,夜市
2396,46,29,202502,20250218,3,4173,1500,SPRING
2397,46,9,202501,20250117,2,1433,500,SPRING
2398,38,30,202502,20250215,2,4310,1500,夜市
2399,36,23,202510,20251024,3,3351,1000,SPRING
2400,24,23,202510,20251013,1,3351,1000,WELCOME
2401,55,6,202509,20250908,1,1022,0,
2402,26,10,202505,20250510,5,1570,500,LOYAL
2403,45,5,202507,20250726,3,885,0,WELCOME
2404,10,12,202509,20250923,4,1844,500,
2405,34,10,202504,20250403,2,1570,500,SPRING
2406,41,4,202512,20251207,4,748,0,
2407,12,29,202511,20251105,5,4173,1500,
2408,39,32,202512,20251204,5,4584,1500,
2409,48,30,202501,20250115,4,4310,1500,WELCOME
2410,2,31,202511,20251115,4,4447,1500,SPRING
2411,51,24,202508,20250804,3,3488,1000,LOYAL
2412,19,16,202506,20250624,5,2392,500,WELCOME
2413,64,21,202506,20250604,4,3077,1000,SPRING
2414,9,24,202505,20250519,1,3488,1000,
2415,45,10,202510,20251020,5,1570,500,
2416,11,20,202501,20250110,5,2940,1000,夜市
2417,25,19,202507,20250726,1,2803,1000,SPRING
2418,49,18,202506,20250623,4,2666,1000,WELCOME
2419,64,2,202511,20251104,3,474,0,
2420,28,21,202506,20250620,4,3077,1000,LOYAL
2421,11,9,202512,20251208,1,1433,500,SPRING
2422,18,22,202509,20250903,4,3214,1000,
2423,17,7,202504,20250418,4,1159,0,WELCOME
2424,31,15,202502,20250228,3,2255,500,LOYAL
2425,12,2,202501,20250107,3,474,0,WELCOME
2426,34,32,202512,20251215,2,4584,1500,夜市
2427,7,6,202503,20250307,1,1022,0,SPRING
2428,48,31,202510,20251026,1,4447,1500,LOYAL
2429,16,26,202506,20250617,1,3762,1500,
2430,60,10,202512,20251203,2,1570,500,SPRING
2431,22,7,202509,20250914,2,1159,0,
2432,51,9,202501,20250118,3,1433,500,LOYAL
2433,22,5,202501,20250125,5,885,0,WELCOME
2434,49,15,202502,20250210,5,2255,500,夜市
2435,56,21,202501,20250128,1,3077,1000,LOYAL
2436,39,6,202502,20250204,1,1022,0,
2437,11,32,202503,20250304,5,4584,1500,WELCOME
2438,38,11,202511,20251127,5,1707,500,
2439,57,14,202510,20251004,2,2118,500,SPRING
2440,60,22,202512,20251209,1,3214,1000,SPRING
2441,2,26,202505,20250519,5,3762,1500,WELCOME
2442,42,15,202501,20250110,2,2255,500,
2443,40,16,202505,20250515,1,2392,500,
2444,10,23,202509,20250909,5,3351,1000,WELCOME
2445,2,23,202511,20251115,1,3351,1000,
2446,23,19,202504,20250424,2,2803,1000,SPRING
2447,11,13,202506,20250618,1,1981,500,夜市
2448,1,13,202510,20251001,4,1981,500,WELCOME
2449,1,16,202511,20251107,3,2392,500,
2450,10,32,202507,20250713,3,4584,1500,
2451,53,29,202510,20251025,4,4173,1500,
2452,32,29,202505,20250520,3,4173,1500,
2453,41,17,202512,20251202,5,2529,1000,
2454,12,24,202509,20250905,4,3488,1000,WELCOME
2455,64,26,202510,20251001,4,3762,1500,夜市
2456,43,29,202508,20250820,3,4173,1500,LOYAL
2457,62,3,202503,20250320,2,611,0,
2458,46,31,202509,20250921,3,4447,1500,LOYAL
2459,10,2,202503,20250303,2,474,0,LOYAL
2460,7,6,202506,20250619,1,1022,0,WELCOME
2461,39,29,202509,20250920,3,4173,1500,SPRING
2462,27,14,202501,20250104,1,2118,500,LOYAL
2463,18,21,202509,20250915,4,3077,1000,夜市
2464,1,6,202511,20251116,1,1022,0,
2465,16,32,202506,20250622,4,4584,1500,WELCOME
2466,28,10,202507,20250720,1,1570,500,SPRING
2467,32,22,202502,20250215,5,3214,1000,
2468,57,31,202504,20250422,3,4447,1500,LOYAL
2469,31,13,202505,20250518,5,1981,500,LOYAL
2470,30,5,202503,20250320,1,885,0,SPRING
2471,48,21,202512,20251205,3,3077,1000,
2472,33,3,202507,20250714,5,611,0,夜市
2473,10,5,202511,20251105,4,885,0,WELCOME
2474,41,2,202511,20251104,3,474,0,WELCOME
2475,4,6,202508,20250808,4,1022,0,
2476,47,26,202505,20250516,2,3762,1500,SPRING
2477,47,20,202502,20250223,4,2940,1000,夜市
2478,13,29,202504,20250413,4,4173,1500,
2479,8,10,202503,20250310,2,1570,500,LOYAL
2480,17,18,202503,20250327,2,2666,1000,夜市
2481,61,20,202512,20251214,2,2940,1000,夜市
2482,47,16,202512,20251207,4,2392,500,SPRING
2483,48,14,202502,20250222,5,2118,500,SPRING
2484,22,25,202507,20250723,4,3625,1500,SPRING
2485,48,1,202501,20250103,2,337,0,
2486,24,3,202505,20250502,2,611,0,SPRING
2487,55,20,202505,20250521,5,2940,1000,夜市
2488,48,21,202506,20250628,5,3077,1000,SPRING
2489,32,28,202503,20250307,2,4036,1500,LOYAL
2490,20,19,202509,20250916,4,2803,1000,
2491,5,12,202511,20251124,5,1844,500,LOYAL
2492,34,1,202512,20251201,2,337,0,
2493,1,10,202508,20250823,5,1570,500,
2494,40,5,202509,20250911,5,885,0,SPRING
2495,54,14,202510,20251027,3,2118,500,
2496,25,26,202509,20250912,5,3762,1500,夜市
2497,52,11,202509,20250904,4,1707,500,
2498,33,9,202510,20251023,5,1433,500,
2499,31,10,202505,20250505,2,1570,500,
2500,2,17,202510,20251010,3,2529,1000,夜市
2501,42,13,202505,20250519,2,1981,500,
2502,32,10,202504,20250421,2,1570,500,LOYAL
2503,48,3,202507,20250723,2,611,0,LOYAL
2504,25,24,202511,20251114,1,3488,1000,
2505,41,18,202501,20250125,3,2666,1000,LOYAL
2506,17,26,202510,20251021,2,3762,1500,
2507,14,31,202506,20250625,3,4447,1500,
2508,2,29,202504,20250426,5,4173,1500,SPRING
2509,43,6,202510,20251020,5,1022,0,夜市
2510,47,2,202502,20250205,3,474,0,夜市
2511,53,19,202509,20250908,4,2803,1000,LOYAL
2512,48,23,202510,20251028,4,3351,1000,SPRING
2513,62,19,202506,20250623,2,2803,1000,
2514,41,30,202501,20250128,1,4310,1500,夜市
2515,3,21,202512,20251215,4,3077,1000,
2516,18,4,202508,20250801,5,748,0,WELCOME
2517,4,3,202506,20250618,1,611,0,SPRING
2518,42,17,202504,20250428,1,2529,1000,
2519,53,28,202506,20250624,3,4036,1500,夜市
2520,22,31,202503,20250315,3,4447,1500,
2521,38,21,202506,20250608,4,3077,1000,
2522,26,17,202501,20250125,4,2529,1000,SPRING
2523,17,6,202501,20250108,4,1022,0,SPRING
2524,24,18,202503,20250318,5,2666,1000,夜市
2525,46,2,202508,20250823,3,474,0,WELCOME
2526,47,17,202507,20250713,2,2529,1000,夜市
2527,42,29,202504,20250407,4,4173,1500,
2528,49,9,202503,20250307,4,1433,500,LOYAL
2529,7,14,202509,20250923,5,2118,500,WELCOME
2530,43,28,202502,20250206,5,4036,1500,LOYAL
2531,57,32,202501,20250104,2,4584,1500,SPRING
2532,64,7,202511,20251108,4,1159,0,LOYAL
2533,46,22,202506,20250622,4,3214,1000,
2534,54,3,202501,20250123,2,611,0,
2535,47,14,202506,20250608,2,2118,500,SPRING
2536,1,31,202501,20250109,5,4447,1500,夜市
2537,9,15,202509,20250922,5,2255,500,LOYAL
2538,33,9,202509,20250923,2,1433,500,SPRING
2539,17,32,202505,20250511,2,4584,1500,SPRING
2540,64,31,202511,20251113,2,4447,1500,夜市
2541,30,8,202506,20250624,4,1296,0,
2542,61,21,202507,20250705,3,3077,1000,SPRING
2543,59,25,202504,20250408,1,3625,1500,SPRING
2544,35,5,202501,20250120,4,885,0,WELCOME
2545,61,25,202512,20251228,5,3625,1500,SPRING
2546,43,1,202511,20251103,5,337,0,WELCOME
2547,22,6,202512,20251221,5,1022,0,WELCOME
2548,10,29,202510,20251010,5,4173,1500,
2549,10,26,202501,20250125,2,3762,1500,SPRING
2550,20,5,202505,20250521,5,885,0,LOYAL
2551,55,29,202508,20250822,3,4173,1500,LOYAL
2552,61,13,202503,20250304,3,1981,500,夜市
2553,39,27,202512,20251201,2,3899,1500,SPRING
2554,46,30,202501,20250123,3,4310,1500,LOYAL
2555,8,26,202505,20250527,4,3762,1500,
2556,38,32,202502,20250222,5,4584,1500,LOYAL
2557,62,14,202510,20251005,1,2118,500,SPRING
2558,7,4,202508,20250803,4,748,0,LOYAL
2559,14,2,202507,20250728,1,474,0,夜市
2560,9,17,202501,20250115,4,2529,1000,夜市
2561,61,17,202503,20250317,5,2529,1000,SPRING
2562,21,31,202512,20251212,4,4447,1500,
2563,1,7,202512,20251225,3,1159,0,LOYAL
2564,12,28,202505,20250523,5,4036,1500,LOYAL
2565,16,21,202508,20250803,2,3077,1000,WELCOME
2566,55,16,202507,20250703,1,2392,500,SPRING
2567,31,31,202501,20250106,5,4447,1500,WELCOME
2568,50,7,202510,20251004,5,1159,0,WELCOME
2569,39,20,202508,20250818,3,2940,1000,
2570,26,23,202508,20250801,4,3351,1000,LOYAL
2571,54,29,202509,20250913,5,4173,1500,WELCOME
2572,53,13,202511,20251114,3,1981,500,
2573,19,29,202512,20251225,1,4173,1500,
2574,55,32,202501,20250116,2,4584,1500,
2575,32,1,202510,20251022,4,337,0,夜市
2576,49,32,202508,20250814,5,4584,1500,
2577,5,17,202508,20250825,5,2529,1000,SPRING
2578,10,14,202501,20250107,2,2118,500,夜市
2579,36,23,202509,20250919,5,3351,1000,SPRING
2580,62,5,202512,20251212,1,885,0,
2581,38,13,202512,20251204,5,1981,500,
2582,27,21,202502,20250202,5,3077,1000,
2583,54,10,202509,20250909,5,1570,500,
2584,3,8,202505,20250519,4,1296,0,夜市
2585,45,25,202510,20251009,5,3625,1500,夜市
2586,9,14,202510,20251022,3,2118,500,
2587,49,8,202510,20251024,2,1296,0,夜市
2588,30,20,202509,20250920,1,2940,1000,WELCOME
2589,31,10,202508,20250823,2,1570,500,LOYAL
2590,53,3,202508,20250809,5,611,0,
2591,53,1,202509,20250924,1,337,0,夜市
2592,8,17,202512,20251216,3,2529,1000,SPRING
2593,61,1,202503,20250309,5,337,0,LOYAL
2594,49,9,202508,20250815,3,1433,500,WELCOME
2595,43,23,202501,20250102,1,3351,1000,LOYAL
2596,15,5,202512,20251227,5,885,0,SPRING
2597,28,11,202510,20251015,2,1707,500,
2598,39,24,202505,20250527,3,3488,1000,夜市
2599,9,4,202512,20251210,1,748,0,
2600,60,29,202506,20250607,2,4173,1500,LOYAL
2601,9,3,202503,20250320,4,611,0,LOYAL
2602,24,32,202505,20250501,4,4584,1500,
2603,45,22,202508,20250812,4,3214,1000,夜市
2604,6,29,202501,20250109,3,4173,1500,
2605,14,17,202511,20251126,1,2529,1000,WELCOME
2606,41,7,202503,20250315,2,1159,0,LOYAL
2607,62,11,202512,20251225,4,1707,500,WELCOME
2608,54,2,202512,20251201,4,474,0,
2609,36,4,202505,20250513,4,748,0,LOYAL
2610,18,18,202502,20250215,2,2666,1000,LOYAL
2611,31,20,202509,20250927,5,2940,1000,
2612,56,31,202508,20250816,5,4447,1500,LOYAL
2613,16,15,202507,20250710,2,2255,500,夜市
2614,39,31,202509,20250927,1,4447,1500,
2615,29,6,202502,20250204,5,1022,0,
2616,32,22,202510,20251001,3,3214,1000,LOYAL
2617,1,16,202504,20250411,5,2392,500,LOYAL
2618,40,1,202510,20251007,1,337,0,
2619,54,32,202503,20250326,4,4584,1500,SPRING
2620,4,6,202506,20250616,2,1022,0,WELCOME
2621,42,31,202512,20251219,4,4447,1500,WELCOME
2622,31,4,202501,20250111,1,748,0,LOYAL
2623,32,31,202506,20250612,5,4447,1500,LOYAL
2624,41,25,202505,20250523,1,3625,1500,夜市
2625,59,28,202506,20250618,3,4036,1500,
2626,46,28,202507,20250703,4,4036,1500,
2627,9,5,202503,20250328,1,885,0,夜市
2628,50,7,202510,20251022,2,1159,0,WELCOME
2629,53,22,202502,20250216,4,3214,1000,夜市
2630,56,18,202503,20250311,5,2666,1000,SPRING
2631,24,3,202509,20250918,5,611,0,WELCOME
2632,51,10,202501,20250102,2,1570,500,
2633,2,15,202510,20251019,2,2255,500,WELCOME
2634,62,15,202505,20250510,5,2255,500,LOYAL
2635,29,26,202510,20251003,3,3762,1500,夜市
2636,52,29,202512,20251221,1,4173,1500,SPRING
2637,62,3,202512,20251216,1,611,0,SPRING
2638,2,5,202511,20251111,5,885,0,
2639,29,23,202504,20250415,3,3351,1000,
2640,9,27,202501,20250108,2,3899,1500,LOYAL
2641,57,30,202504,20250406,4,4310,1500,夜市
2642,5,29,202508,20250803,3,4173,1500,夜市
2643,30,17,202508,20250805,4,2529,1000,夜市
2644,60,31,202504,20250422,2,4447,1500,LOYAL
2645,52,11,202505,20250518,5,1707,500,SPRING
2646,59,5,202505,20250502,1,885,0,
2647,64,12,202511,20251119,3,1844,500,LOYAL
2648,54,26,202507,20250707,5,3762,1500,WELCOME
2649,58,13,202504,20250406,3,1981,500,LOYAL
2650,60,15,202511,20251106,5,2255,500,LOYAL
2651,26,21,202511,20251115,2,3077,1000,LOYAL
2652,44,12,202511,20251101,1,1844,500,
2653,17,8,202501,20250126,5,1296,0,
2654,4,5,202502,20250220,2,885,0,LOYAL
2655,56,18,202506,20250610,4,2666,1000,WELCOME
2656,43,17,202507,20250714,4,2529,1000,SPRING
2657,48,8,202502,20250220,2,1296,0,LOYAL
2658,36,8,202507,20250725,4,1296,0,
2659,63,22,202504,20250416,3,3214,1000,WELCOME
2660,19,23,202502,20250217,1,3351,1000,
2661,62,19,202504,20250408,3,2803,1000,
2662,2,12,202507,20250723,5,1844,500,SPRING
2663,47,17,202505,20250506,4,2529,1000,SPRING
2664,47,6,202503,20250323,3,1022,0,
2665,10,5,202507,20250712,3,885,0,夜市
2666,51,29,202511,20251117,5,4173,1500,夜市
2667,57,18,202501,20250125,5,2666,1000,
2668,8,22,202504,20250426,5,3214,1000,LOYAL
2669,59,13,202510,20251001,1,1981,500,SPRING
2670,18,10,202507,20250713,4,1570,500,
2671,4,22,202512,20251207,3,3214,1000,SPRING
2672,35,23,202510,20251007,2,3351,1000,SPRING
2673,19,5,202502,20250209,5,885,0,夜市
2674,20,13,202508,20250804,5,1981,500,
2675,46,14,202508,20250813,4,2118,500,WELCOME
2676,57,14,202506,20250612,4,2118,500,WELCOME
2677,64,32,202502,20250218,3,4584,1500,夜市
2678,11,7,202504,20250420,3,1159,0,夜市
2679,20,29,202509,20250912,5,4173,1500,LOYAL
2680,9,18,202511,20251108,1,2666,1000,WELCOME
2681,12,19,202501,20250123,1,2803,1000,
2682,32,31,202501,20250106,3,4447,1500,夜市
2683,19,15,202501,20250112,2,2255,500,夜市
2684,40,18,202506,20250620,1,2666,1000,LOYAL
2685,34,32,202505,20250511,5,4584,1500,LOYAL
2686,16,30,202510,20251005,4,4310,1500,SPRING
2687,58,30,202507,20250727,4,4310,1500,WELCOME
2688,28,21,202503,20250308,5,3077,1000,
2689,34,30,202511,20251125,3,4310,1500,SPRING
2690,55,5,202501,20250119,4,885,0,SPRING
2691,40,22,202506,20250608,2,3214,1000,夜市
2692,2,2,202507,20250712,1,474,0,SPRING
2693,5,14,202507,20250705,4,2118,500,SPRING
2694,32,23,202509,20250920,5,3351,1000,WELCOME
2695,43,18,202510,20251002,2,2666,1000,
2696,53,31,202508,20250804,3,4447,1500,SPRING
2697,7,20,202509,20250906,4,2940,1000,LOYAL
2698,29,5,202501,20250120,1,885,0,WELCOME
2699,46,15,202509,20250913,2,2255,500,LOYAL
2700,12,1,202503,20250319,4,337,0,LOYAL
2701,19,22,202512,20251225,2,3214,1000,WELCOME
2702,47,20,202506,20250602,5,2940,1000,
2703,49,1,202511,20251128,5,337,0,夜市
2704,33,3,202503,20250328,1,611,0,
2705,56,5,202509,20250903,4,885,0,WELCOME
2706,37,5,202510,20251019,1,885,0,SPRING
2707,19,3,202507,20250714,1,611,0,夜市
2708,21,27,202505,20250502,2,3899,1500,WELCOME
2709,32,23,202506,20250622,2,3351,1000,
2710,57,17,202503,20250302,5,2529,1000,WELCOME
2711,59,12,202510,20251003,4,1844,500,LOYAL
2712,62,27,202510,20251018,5,3899,1500,夜市
2713,29,9,202501,20250105,1,1433,500,SPRING
2714,60,27,202511,20251112,1,3899,1500,夜市
2715,16,2,202501,20250118,1,474,0,SPRING
2716,64,19,202502,20250210,3,2803,1000,
2717,19,4,202504,20250414,1,748,0,
2718,45,25,202501,20250102,4,3625,1500,
2719,1,19,202505,20250520,3,2803,1000,
2720,23,13,202512,20251219,2,1981,500,WELCOME
2721,3,17,202508,20250821,3,2529,1000,LOYAL
2722,36,8,202502,20250203,5,1296,0,LOYAL
2723,14,12,202510,20251019,2,1844,500,
2724,6,10,202510,20251001,5,1570,500,SPRING
2725,26,28,202506,20250601,3,4036,1500,LOYAL
2726,1,25,202512,20251228,1,3625,1500,SPRING
2727,22,28,202510,20251001,2,4036,1500,SPRING
2728,43,17,202506,20250614,5,2529,1000,夜市
2729,33,21,202512,20251217,4,3077,1000,SPRING
2730,2,13,202504,20250424,5,1981,500,
2731,63,22,202504,20250417,1,3214,1000,LOYAL
2732,47,29,202504,20250423,2,4173,1500,WELCOME
2733,20,6,202512,20251211,4,1022,0,LOYAL
2734,24,18,202507,20250712,1,2666,1000,SPRING
2735,20,15,202501,20250114,1,2255,500,夜市
2736,25,31,202512,20251209,5,4447,1500,夜市
2737,19,14,202508,20250826,4,2118,500,
2738,7,26,202508,20250802,2,3762,1500,SPRING
2739,52,15,202503,20250305,2,2255,500,夜市
2740,22,20,202509,20250926,3,2940,1000,WELCOME
2741,43,7,202503,20250307,1,1159,0,LOYAL
2742,60,5,202501,20250126,2,885,0,夜市
2743,61,7,202503,20250327,1,1159,0,夜市
2744,37,6,202512,20251201,2,1022,0,
2745,22,8,202508,20250801,5,1296,0,LOYAL
2746,46,11,202504,20250409,5,1707,500,WELCOME
2747,9,25,202512,20251209,4,3625,1500,WELCOME
2748,40,31,202505,20250514,2,4447,1500,WELCOME
2749,8,13,202505,20250521,5,1981,500,SPRING
2750,46,26,202502,20250205,4,3762,1500,SPRING
2751,30,27,202501,20250123,4,3899,1500,
2752,43,17,202506,20250609,1,2529,1000,LOYAL
2753,45,18,202502,20250218,4,2666,1000,SPRING
2754,55,9,202502,20250203,5,1433,500,SPRING
2755,12,6,202511,20251125,2,1022,0,SPRING
2756,63,18,202501,20250102,3,2666,1000,WELCOME
2757,14,9,202508,20250826,4,1433,500,LOYAL
2758,43,10,202505,20250526,4,1570,500,
2759,61,13,202508,20250817,3,1981,500,
2760,57,10,202510,20251014,5,1570,500,夜市
2761,6,26,202501,20250112,1,3762,1500,LOYAL
2762,4,24,202501,20250125,3,3488,1000,
2763,60,8,202509,20250924,3,1296,0,夜市
2764,23,32,202508,20250803,2,4584,1500,SPRING
2765,53,4,202511,20251108,4,748,0,
2766,57,1,202512,20251213,1,337,0,
2767,51,6,202504,20250422,1,1022,0,夜市
2768,37,28,202505,20250501,1,4036,1500,LOYAL
2769,17,23,202508,20250827,4,3351,1000,SPRING
2770,3,29,202502,20250226,3,4173,1500,WELCOME
2771,7,28,202505,20250519,2,4036,1500,夜市
2772,37,6,202502,20250210,5,1022,0,
2773,19,18,202501,20250121,4,2666,1000,WELCOME
2774,12,22,202510,20251004,4,3214,1000,
2775,38,5,202503,20250310,5,885,0,夜市
2776,45,30,202502,20250210,4,4310,1500,SPRING
2777,25,29,202507,20250712,4,4173,1500,
2778,35,18,202505,20250502,4,2666,1000,WELCOME
2779,17,21,202512,20251224,5,3077,1000,
2780,47,6,202508,20250806,3,1022,0,LOYAL
2781,56,13,202512,20251203,1,1981,500,WELCOME
2782,16,24,202511,20251101,3,3488,1000,SPRING
2783,49,24,202509,20250918,2,3488,1000,LOYAL
2784,46,1,202511,20251120,2,337,0,夜市
2785,61,19,202501,20250102,2,2803,1000,
2786,32,22,202506,20250608,5,3214,1000,
2787,63,18,202505,20250501,4,2666,1000,
2788,6,4,202504,20250406,5,748,0,WELCOME
2789,21,17,202502,20250221,1,2529,1000,WELCOME
2790,28,8,202504,20250423,3,1296,0,LOYAL
2791,30,18,202504,20250422,3,2666,1000,SPRING
2792,14,31,202504,20250404,3,4447,1500,夜市
2793,25,3,202505,20250519,1,611,0,
2794,36,12,202507,20250714,5,1844,500,
2795,63,17,202505,20250512,2,2529,1000,LOYAL
2796,46,10,202507,20250713,4,1570,500,SPRING
2797,55,28,202503,20250301,3,4036,1500,SPRING
2798,33,10,202512,20251208,4,1570,500,夜市
2799,2,8,202508,20250807,3,1296,0,
2800,5,24,202503,20250327,2,3488,1000,
2801,34,5,202512,20251217,4,885,0,
2802,7,20,202504,20250404,1,2940,1000,LOYAL
2803,10,31,202502,20250208,1,4447,1500,
2804,24,7,202502,20250204,3,1159,0,夜市
2805,7,2,202504,20250426,4,474,0,WELCOME
2806,18,3,202511,20251105,1,611,0,夜市
2807,22,18,202511,20251118,3,2666,1000,
2808,8,6,202510,20251012,5,1022,0,
2809,2,18,202511,20251111,5,2666,1000,LOYAL
2810,33,17,202502,20250226,5,2529,1000,LOYAL
2811,45,8,202509,20250904,3,1296,0,夜市
2812,11,30,202507,20250712,5,4310,1500,LOYAL
2813,4,14,202509,20250908,3,2118,500,SPRING
2814,40,15,202507,20250713,4,2255,500,
2815,3,20,202510,20251017,3,2940,1000,夜市
2816,49,6,202507,20250725,1,1022,0,
2817,9,17,202507,20250712,1,2529,1000,
2818,22,3,202505,20250506,4,611,0,WELCOME
2819,63,29,202506,20250614,5,4173,1500,夜市
2820,28,25,202506,20250610,5,3625,1500,夜市
2821,55,7,202501,20250110,2,1159,0,
2822,58,29,202509,20250909,4,4173,1500,
2823,57,1,202503,20250327,5,337,0,SPRING
2824,13,23,202511,20251110,3,3351,1000,WELCOME
2825,48,12,202507,20250704,5,1844,500,WELCOME
2826,41,29,202504,20250415,2,4173,1500,WELCOME
2827,54,28,202503,20250316,1,4036,1500,WELCOME
2828,64,10,202501,20250117,5,1570,500,
2829,1,24,202505,20250510,5,3488,1000,SPRING
2830,59,23,202503,20250315,3,3351,1000,SPRING
2831,45,20,202512,20251218,2,2940,1000,
2832,64,10,202508,20250820,1,1570,500,
2833,26,16,202508,20250821,5,2392,500,
2834,8,27,202509,20250912,2,3899,1500,
2835,64,21,202507,20250708,1,3077,1000,
2836,12,3,202508,20250809,5,611,0,LOYAL
2837,35,18,202509,20250909,2,2666,1000,WELCOME
2838,51,9,202512,20251215,4,1433,500,LOYAL
2839,41,17,202506,20250613,4,2529,1000,WELCOME
2840,37,22,202509,20250902,1,3214,1000,WELCOME
2841,59,26,202505,20250523,2,3762,1500,
2842,18,21,202506,20250628,1,3077,1000,
2843,47,11,202505,20250502,3,1707,500,SPRING
2844,5,11,202503,20250312,2,1707,500,夜市
2845,58,7,202503,20250303,5,1159,0,夜市
2846,10,20,202501,20250117,1,2940,1000,
2847,24,9,202505,20250501,5,1433,500,SPRING
2848,57,6,202508,20250805,1,1022,0,
2849,41,4,202506,20250628,5,748,0,
2850,7,23,202512,20251214,1,3351,1000,夜市
2851,40,22,202506,20250619,3,3214,1000,LOYAL
2852,46,25,202511,20251112,5,3625,1500,SPRING
2853,25,30,202511,20251118,1,4310,1500,
2854,11,24,202509,20250909,1,3488,1000,LOYAL
2855,51,32,202510,20251017,3,4584,1500,夜市
2856,14,29,202501,20250105,5,4173,1500,
2857,4,7,202502,20250224,4,1159,0,夜市
2858,60,17,202503,20250314,1,2529,1000,SPRING
2859,24,10,202501,20250104,4,1570,500,夜市
2860,19,8,202506,20250621,2,1296,0,夜市
2861,48,1,202503,20250313,4,337,0,LOYAL
2862,3,6,202501,20250112,2,1022,0,WELCOME
2863,7,32,202504,20250414,2,4584,1500,
2864,22,7,202504,20250422,4,1159,0,SPRING
2865,18,24,202511,20251103,3,3488,1000,夜市
2866,56,28,202507,20250713,2,4036,1500,
2867,48,4,202508,20250803,4,748,0,LOYAL
2868,45,29,202505,20250501,4,4173,1500,
2869,3,8,202510,20251019,1,1296,0,WELCOME
2870,5,20,202512,20251211,4,2940,1000,
2871,12,30,202505,20250511,5,4310,1500,LOYAL
2872,48,22,202509,20250912,4,3214,1000,
2873,8,32,202504,20250419,4,4584,1500,SPRING
2874,47,11,202511,20251104,1,1707,500,SPRING
2875,64,29,202508,20250805,3,4173,1500,WELCOME
2876,26,20,202510,20251005,2,2940,1000,WELCOME
2877,39,27,202507,20250707,2,3899,1500,
2878,50,6,202508,20250808,1,1022,0,LOYAL
2879,32,26,202505,20250508,3,3762,1500,
2880,19,27,202504,20250412,3,3899,1500,WELCOME
2881,1,6,202510,20251021,5,1022,0,LOYAL
2882,23,5,202512,20251202,3,885,0,WELCOME
2883,31,25,202512,20251227,2,3625,1500,WELCOME
2884,5,20,202507,20250704,3,2940,1000,
2885,8,1,202508,20250822,1,337,0,夜市
2886,3,22,202510,20251020,3,3214,1000,LOYAL
2887,47,3,202506,20250604,5,611,0,LOYAL
2888,57,1,202509,20250915,4,337,0,LOYAL
2889,10,17,202502,20250206,4,2529,1000,SPRING
2890,8,23,202511,20251122,1,3351,1000,LOYAL
2891,1,25,202509,20250922,5,3625,1500,
2892,45,21,202509,20250921,5,3077,1000,
2893,9,25,202507,20250703,3,3625,1500,夜市
2894,32,24,202506,20250617,1,3488,1000,WELCOME
2895,35,3,202504,20250407,3,611,0,WELCOME
2896,52,29,202505,20250509,5,4173,1500,WELCOME
2897,49,26,202504,20250414,4,3762,1500,WELCOME
2898,5,18,202510,20251017,5,2666,1000,
2899,49,11,202507,20250702,1,1707,500,夜市
2900,55,24,202507,20250701,3,3488,1000,
2901,13,5,202512,20251227,2,885,0,
2902,26,23,202506,20250604,3,3351,1000,夜市
2903,33,3,202501,20250127,4,611,0,LOYAL
2904,25,17,202504,20250404,4,2529,1000,WELCOME
2905,37,22,202509,20250920,4,3214,1000,
2906,11,26,202512,20251225,1,3762,1500,夜市
2907,32,10,202508,20250804,1,1570,500,
2908,58,18,202501,20250118,5,2666,1000,WELCOME
2909,45,27,202505,20250522,2,3899,1500,
2910,43,5,202502,20250204,2,885,0,
2911,55,32,202503,20250311,1,4584,1500,夜市
2912,27,28,202509,20250906,3,4036,1500,
2913,48,18,202503,20250321,1,2666,1000,夜市
2914,31,21,202511,20251118,3,3077,1000,SPRING
2915,21,4,202512,20251211,3,748,0,
2916,55,20,202501,20250111,1,2940,1000,LOYAL
2917,18,27,202504,20250409,5,3899,1500,LOYAL
2918,64,8,202501,20250111,3,1296,0,SPRING
2919,17,17,202503,20250311,1,2529,1000,
2920,11,21,202504,20250423,4,3077,1000,
2921,62,15,202510,20251003,2,2255,500,WELCOME
2922,47,29,202508,20250803,2,4173,1500,SPRING
2923,60,18,202506,20250608,5,2666,1000,
2924,53,27,202504,20250405,1,3899,1500,夜市
2925,49,26,202502,20250208,4,3762,1500,SPRING
2926,22,12,202507,20250707,2,1844,500,
2927,58,7,202510,20251014,1,1159,0,夜市
2928,17,12,202503,20250313,1,1844,500,LOYAL
2929,37,32,202505,20250508,3,4584,1500,LOYAL
2930,43,32,202506,20250626,3,4584,1500,LOYAL
2931,31,2,202501,20250115,3,474,0,
2932,20,21,202504,20250403,5,3077,1000,LOYAL
2933,46,9,202510,20251005,2,1433,500,
2934,4,23,202503,20250318,1,3351,1000,夜市
2935,47,20,202501,20250114,1,2940,1000,夜市
2936,31,19,202504,20250421,1,2803,1000,夜市
2937,19,32,202512,20251201,5,4584,1500,SPRING
2938,33,5,202507,20250701,1,885,0,夜市
2939,46,29,202501,20250110,1,4173,1500,
2940,12,19,202504,20250423,2,2803,1000,
2941,59,20,202506,20250628,5,2940,1000,SPRING
2942,50,9,202508,20250814,2,1433,500,夜市
2943,28,30,202506,20250628,4,4310,1500,SPRING
2944,27,3,202510,20251021,4,611,0,SPRING
2945,50,5,202510,20251026,2,885,0,夜市
2946,23,30,202511,20251120,3,4310,1500,
2947,31,29,202508,20250817,5,4173,1500,
2948,17,9,202505,20250517,2,1433,500,SPRING
2949,52,26,202504,20250410,5,3762,1500,LOYAL
2950,36,2,202507,20250702,5,474,0,LOYAL
2951,21,28,202508,20250816,3,4036,1500,SPRING
2952,57,4,202505,20250516,4,748,0,
2953,20,8,202510,20251027,4,1296,0,LOYAL
2954,27,20,202502,20250207,5,2940,1000,
2955,64,24,202507,20250706,1,3488,1000,夜市
2956,6,22,202511,20251109,5,3214,1000,夜市
2957,29,15,202505,20250512,5,2255,500,SPRING
2958,34,24,202504,20250406,2,3488,1000,夜市
2959,51,9,202501,20250106,3,1433,500,
2960,50,4,202507,20250709,2,748,0,
2961,36,7,202511,20251107,2,1159,0,
2962,57,1,202512,20251215,5,337,0,
2963,13,30,202502,20250203,3,4310,1500,WELCOME
2964,47,6,202503,20250309,2,1022,0,SPRING
2965,58,6,202509,20250922,3,1022,0,
2966,43,20,202507,20250725,1,2940,1000,WELCOME
2967,22,16,202502,20250217,1,2392,500,SPRING
2968,7,29,202509,20250921,3,4173,1500,
2969,47,16,202502,20250222,5,2392,500,WELCOME
2970,59,14,202507,20250720,1,2118,500,LOYAL
2971,63,4,202503,20250308,1,748,0,SPRING
2972,23,7,202511,20251103,3,1159,0,LOYAL
2973,5,23,202509,20250916,1,3351,1000,LOYAL
2974,57,17,202505,20250519,2,2529,1000,WELCOME
2975,38,4,202506,20250606,5,748,0,
2976,58,1,202512,20251209,5,337,0,LOYAL
2977,54,10,202508,20250805,2,1570,500,夜市
2978,40,14,202501,20250113,1,2118,500,WELCOME
2979,62,9,202505,20250508,1,1433,500,
2980,13,3,202502,20250210,5,611,0,LOYAL
2981,35,4,202506,20250614,2,748,0,SPRING
2982,59,15,202503,20250317,5,2255,500,
2983,17,28,202509,20250907,3,4036,1500,夜市
2984,62,32,202502,20250213,5,4584,1500,LOYAL
2985,37,19,202506,20250611,5,2803,1000,LOYAL
2986,63,31,202511,20251101,4,4447,1500,WELCOME
2987,17,22,202506,20250624,5,3214,1000,夜市
2988,22,19,202505,20250504,4,2803,1000,夜市
2989,37,19,202511,20251124,1,2803,1000,
2990,60,3,202504,20250403,3,611,0,
2991,44,26,202502,20250224,5,3762,1500,LOYAL
2992,42,2,202504,20250422,2,474,0,夜市
2993,31,14,202510,20251024,2,2118,500,LOYAL
2994,54,11,202508,20250825,5,1707,500,夜市
2995,32,28,202511,20251120,2,4036,1500,LOYAL
2996,28,1,202508,20250807,4,337,0,
2997,4,27,202504,20250423,2,3899,1500,LOYAL
2998,17,11,202511,20251117,4,1707,500,SPRING
2999,19,1,202503,20250321,5,337,0,夜市
3000,27,10,202506,20250618,3,1570,500,夜市
3001,38,13,202504,20250416,5,1981,500,WELCOME
3002,23,7,202501,20250113,5,1159,0,SPRING
3003,22,31,202501,20250125,4,4447,1500,
3004,63,7,202507,20250717,2,1159,0,LOYAL
3005,21,11,202505,20250516,3,1707,500,夜市
3006,36,14,202510,20251020,4,2118,500,LOYAL
3007,36,19,202505,20250519,1,2803,1000,WELCOME
3008,28,2,202503,20250308,1,474,0,LOYAL
3009,60,22,202501,20250108,5,3214,1000,
3010,57,1,202501,20250119,2,337,0,
3011,40,23,202503,20250305,4,3351,1000,夜市
3012,3,11,202506,20250606,5,1707,500,
3013,39,7,202509,20250924,3,1159,0,LOYAL
3014,51,3,202504,20250427,5,611,0,
3015,13,4,202505,20250517,1,748,0,夜市
3016,23,3,202503,20250314,1,611,0,
3017,57,18,202504,20250405,1,2666,1000,
3018,9,13,202511,20251103,3,1981,500,夜市
3019,24,1,202502,20250221,2,337,0,WELCOME
3020,21,28,202504,20250404,5,4036,1500,夜市
3021,25,17,202508,20250804,3,2529,1000,SPRING
3022,5,31,202505,20250528,3,4447,1500,SPRING
3023,57,6,202508,20250820,4,1022,0,
3024,29,24,202505,20250513,5,3488,1000,
3025,44,1,202502,20250225,4,337,0,夜市
3026,40,19,202505,20250522,2,2803,1000,
3027,12,12,202512,20251201,4,1844,500,夜市
3028,49,15,202508,20250812,3,2255,500,夜市
3029,9,12,202506,20250626,5,1844,500,WELCOME
3030,21,15,202512,20251224,5,2255,500,WELCOME
3031,45,12,202507,20250726,2,1844,500,
3032,24,7,202512,20251218,2,1159,0,WELCOME
3033,52,7,202503,20250304,5,1159,0,
3034,36,19,202508,20250811,3,2803,1000,
3035,49,28,202508,20250821,2,4036,1500,
3036,45,17,202501,20250109,1,2529,1000,
3037,47,28,202506,20250612,2,4036,1500,LOYAL
3038,3,5,202510,20251021,4,885,0,
3039,37,25,202509,20250919,5,3625,1500,夜市
3040,19,22,202506,20250603,5,3214,1000,LOYAL
3041,28,27,202504,20250403,4,3899,1500,LOYAL
3042,6,31,202507,20250720,5,4447,1500,夜市
3043,17,9,202512,20251208,3,1433,500,
3044,43,2,202503,20250309,1,474,0,SPRING
3045,50,11,202507,20250706,3,1707,500,
3046,62,28,202503,20250326,4,4036,1500,WELCOME
3047,16,25,202509,20250906,3,3625,1500,夜市
3048,36,30,202510,20251015,1,4310,1500,WELCOME
3049,16,14,202506,20250628,2,2118,500,SPRING
3050,48,29,202504,20250418,4,4173,1500,WELCOME
3051,43,25,202512,20251222,3,3625,1500,夜市
3052,42,4,202509,20250913,1,748,0,
3053,50,20,202506,20250614,5,2940,1000,夜市
3054,35,18,202508,20250801,3,2666,1000,LOYAL
3055,62,16,202509,20250917,1,2392,500,LOYAL
3056,9,5,202503,20250310,4,885,0,LOYAL
3057,34,19,202507,20250708,2,2803,1000,SPRING
3058,49,1,202512,20251215,4,337,0,WELCOME
3059,1,13,202512,20251202,2,1981,500,
3060,8,9,202501,20250111,4,1433,500,夜市
3061,50,19,202504,20250403,3,2803,1000,WELCOME
3062,34,2,202504,20250421,1,474,0,SPRING
3063,29,4,202511,20251106,1,748,0,WELCOME
3064,47,3,202504,20250426,1,611,0,LOYAL
3065,2,1,202504,20250425,5,337,0,SPRING
3066,33,10,202501,20250123,3,1570,500,
3067,47,28,202505,20250513,3,4036,1500,SPRING
3068,27,28,202511,20251102,4,4036,1500,
3069,7,28,202508,20250805,2,4036,1500,SPRING
3070,28,25,202507,20250726,2,3625,1500,SPRING
3071,60,32,202510,20251004,1,4584,1500,WELCOME
3072,25,26,202509,20250917,5,3762,1500,夜市
3073,42,3,202503,20250305,5,611,0,
3074,47,26,202510,20251007,2,3762,1500,
3075,3,15,202503,20250326,3,2255,500,夜市
3076,40,17,202511,20251126,5,2529,1000,LOYAL
3077,13,15,202509,20250914,1,2255,500,LOYAL
3078,35,31,202508,20250824,2,4447,1500,夜市
3079,30,24,202502,20250214,2,3488,1000,WELCOME
3080,15,15,202508,20250808,1,2255,500,
3081,58,10,202501,20250112,1,1570,500,WELCOME
3082,27,11,202509,20250904,3,1707,500,WELCOME
3083,10,22,202509,20250914,2,3214,1000,夜市
3084,50,5,202503,20250321,1,885,0,WELCOME
3085,28,28,202512,20251226,5,4036,1500,WELCOME
3086,4,10,202501,20250111,1,1570,500,夜市
3087,6,1,202503,20250325,3,337,0,
3088,39,10,202503,20250309,1,1570,500,SPRING
3089,28,10,202512,20251204,1,1570,500,
3090,24,28,202505,20250509,5,4036,1500,夜市
3091,7,22,202503,20250308,1,3214,1000,LOYAL
3092,10,14,202506,20250625,5,2118,500,WELCOME
3093,52,12,202509,20250919,4,1844,500,夜市
3094,19,21,202501,20250118,1,3077,1000,
3095,58,14,202508,20250826,4,2118,500,SPRING
3096,36,25,202501,20250111,4,3625,1500,LOYAL
3097,62,23,202509,20250911,2,3351,1000,LOYAL
3098,41,27,202503,20250326,1,3899,1500,
3099,10,22,202502,20250207,5,3214,1000,
3100,12,2,202512,20251221,5,474,0,SPRING
3101,51,9,202512,20251207,3,1433,500,
3102,35,15,202502,20250225,2,2255,500,SPRING
3103,5,15,202508,20250815,4,2255,500,
3104,54,7,202510,20251001,5,1159,0,WELCOME
3105,53,11,202509,20250907,1,1707,500,WELCOME
3106,4,9,202512,20251223,5,1433,500,LOYAL
3107,53,23,202510,20251010,4,3351,1000,夜市
3108,50,20,202505,20250503,5,2940,1000,
3109,21,8,202507,20250717,4,1296,0,SPRING
3110,43,17,202511,20251124,2,2529,1000,夜市
3111,54,27,202501,20250117,5,3899,1500,
3112,25,8,202505,20250506,3,1296,0,SPRING
3113,12,16,202512,20251206,2,2392,500,LOYAL
3114,51,5,202512,20251215,2,885,0,LOYAL
3115,37,19,202504,20250406,4,2803,1000,
3116,34,32,202502,20250204,2,4584,1500,SPRING
3117,42,11,202508,20250812,1,1707,500,WELCOME
3118,57,29,202511,20251127,4,4173,1500,
3119,3,21,202508,20250822,1,3077,1000,夜市
3120,10,12,202505,20250503,5,1844,500,
3121,4,13,202507,20250712,3,1981,500,WELCOME
3122,51,19,202506,20250619,1,2803,1000,
3123,38,26,202507,20250722,3,3762,1500,
3124,61,5,202502,20250220,5,885,0,WELCOME
3125,36,20,202508,20250815,1,2940,1000,
3126,9,12,202510,20251015,4,1844,500,WELCOME
3127,37,22,202504,20250421,2,3214,1000,SPRING
3128,64,27,202503,20250322,5,3899,1500,SPRING
3129,50,19,202509,20250907,4,2803,1000,
3130,45,14,202510,20251027,1,2118,500,
3131,15,18,202507,20250705,3,2666,1000,SPRING
3132,20,30,202503,20250313,3,4310,1500,LOYAL
3133,44,31,202501,20250123,4,4447,1500,SPRING
3134,50,11,202510,20251026,5,1707,500,SPRING
3135,57,17,202501,20250124,3,2529,1000,LOYAL
3136,38,2,202511,20251125,4,474,0,
3137,57,29,202501,20250128,1,4173,1500,WELCOME
3138,36,11,202505,20250526,1,1707,500,SPRING
3139,36,12,202507,20250709,1,1844,500,SPRING
3140,61,20,202509,20250912,4,2940,1000,LOYAL
3141,32,16,202510,20251011,4,2392,500,WELCOME
3142,31,14,202505,20250506,5,2118,500,SPRING
3143,2,11,202511,20251101,5,1707,500,
3144,37,5,202504,20250401,1,885,0,LOYAL
3145,12,20,202501,20250119,3,2940,1000,WELCOME
3146,48,23,202511,20251103,4,3351,1000,SPRING
3147,19,30,202509,20250902,4,4310,1500,LOYAL
3148,46,28,202512,20251203,2,4036,1500,LOYAL
3149,47,26,202512,20251201,3,3762,1500,
3150,62,3,202503,20250323,4,611,0,
3151,38,7,202508,20250801,4,1159,0,WELCOME
3152,35,10,202508,20250812,4,1570,500,SPRING
3153,44,22,202506,20250620,1,3214,1000,WELCOME
3154,2,21,202511,20251113,1,3077,1000,WELCOME
3155,5,32,202501,20250106,5,4584,1500,LOYAL
3156,21,10,202507,20250720,4,1570,500,LOYAL
3157,29,23,202502,20250218,5,3351,1000,
3158,20,13,202510,20251018,2,1981,500,LOYAL
3159,21,16,202503,20250311,2,2392,500,夜市
3160,29,18,202508,20250806,5,2666,1000,夜市
3161,13,14,202502,20250216,1,2118,500,夜市
3162,13,12,202512,20251214,1,1844,500,夜市
3163,24,21,202503,20250308,3,3077,1000,WELCOME
3164,46,19,202502,20250219,3,2803,1000,
3165,58,19,202505,20250527,3,2803,1000,
3166,39,1,202501,20250106,2,337,0,SPRING
3167,9,31,202510,20251006,2,4447,1500,LOYAL
3168,15,27,202512,20251202,5,3899,1500,夜市
3169,16,24,202509,20250925,2,3488,1000,夜市
3170,24,13,202506,20250621,3,1981,500,LOYAL
3171,61,16,202510,20251004,4,2392,500,
3172,52,31,202512,20251213,2,4447,1500,SPRING
3173,60,19,202512,20251224,1,2803,1000,
3174,2,4,202511,20251104,3,748,0,夜市
3175,37,18,202501,20250126,5,2666,1000,SPRING
3176,55,3,202507,20250712,5,611,0,夜市
3177,15,1,202509,20250907,5,337,0,夜市
3178,53,23,202506,20250614,1,3351,1000,
3179,26,4,202507,20250727,2,748,0,LOYAL
3180,62,8,202504,20250415,5,1296,0,
3181,60,20,202511,20251125,5,2940,1000,LOYAL
3182,12,21,202502,20250221,5,3077,1000,夜市
3183,36,4,202502,20250218,2,748,0,夜市
3184,64,15,202511,20251114,4,2255,500,SPRING
3185,24,26,202509,20250916,5,3762,1500,
3186,27,14,202504,20250426,1,2118,500,
3187,39,8,202510,20251003,1,1296,0,WELCOME
3188,45,18,202503,20250316,2,2666,1000,夜市
3189,12,22,202505,20250519,5,3214,1000,夜市
3190,16,11,202509,20250923,3,1707,500,SPRING
3191,50,7,202511,20251118,2,1159,0,
3192,54,22,202504,20250418,2,3214,1000,
3193,34,26,202509,20250922,4,3762,1500,
3194,50,29,202505,20250520,2,4173,1500,WELCOME
3195,1,7,202504,20250427,4,1159,0,WELCOME
3196,24,11,202509,20250922,2,1707,500,WELCOME
3197,59,24,202508,20250809,2,3488,1000,WELCOME
3198,1,6,202508,20250819,2,1022,0,LOYAL
3199,14,6,202502,20250204,1,1022,0,
3200,38,26,202510,20251013,4,3762,1500,WELCOME
3201,24,26,202507,20250713,3,3762,1500,LOYAL
3202,48,22,202503,20250320,3,3214,1000,夜市
3203,47,2,202503,20250323,2,474,0,WELCOME
3204,34,5,202512,20251212,1,885,0,夜市
3205,57,16,202507,20250709,2,2392,500,
3206,45,20,202505,20250510,3,2940,1000,
3207,23,16,202501,20250117,5,2392,500,夜市
3208,42,30,202506,20250627,3,4310,1500,
3209,48,32,202505,20250509,4,4584,1500,LOYAL
3210,26,9,202504,20250421,1,1433,500,夜市
3211,56,11,202505,20250513,3,1707,500,夜市
3212,25,19,202506,20250606,2,2803,1000,WELCOME
3213,22,8,202512,20251214,4,1296,0,
3214,6,16,202509,20250918,5,2392,500,LOYAL
3215,54,2,202507,20250711,2,474,0,
3216,20,28,202504,20250414,2,4036,1500,WELCOME
3217,12,20,202504,20250410,5,2940,1000,SPRING
3218,17,9,202508,20250815,5,1433,500,SPRING
3219,35,19,202506,20250618,1,2803,1000,LOYAL
3220,35,32,202503,20250327,2,4584,1500,
3221,34,6,202512,20251217,4,1022,0,LOYAL
3222,51,2,202507,20250706,4,474,0,
3223,11,7,202510,20251020,5,1159,0,LOYAL
3224,21,30,202504,20250411,4,4310,1500,
3225,27,4,202504,20250407,1,748,0,夜市
3226,55,24,202511,20251121,1,3488,1000,SPRING
3227,47,13,202507,20250716,1,1981,500,
3228,20,20,202507,20250721,2,2940,1000,WELCOME
3229,48,20,202506,20250604,5,2940,1000,WELCOME
3230,38,9,202507,20250705,2,1433,500,夜市
3231,5,19,202506,20250625,1,2803,1000,WELCOME
3232,45,9,202508,20250815,3,1433,500,夜市
3233,62,6,202502,20250208,4,1022,0,
3234,49,6,202505,20250505,3,1022,0,
3235,46,24,202511,20251107,4,3488,1000,夜市
3236,9,14,202506,20250624,3,2118,500,LOYAL
3237,11,10,202501,20250121,1,1570,500,WELCOME
3238,31,26,202508,20250809,2,3762,1500,
3239,7,2,202504,20250415,4,474,0,WELCOME
3240,34,31,202510,20251023,5,4447,1500,LOYAL
3241,22,31,202511,20251106,3,4447,1500,
3242,22,10,202504,20250413,3,1570,500,夜市
3243,4,1,202508,20250821,1,337,0,夜市
3244,47,1,202510,20251003,5,337,0,WELCOME
3245,57,26,202502,20250216,3,3762,1500,夜市
3246,26,28,202506,20250625,2,4036,1500,WELCOME
3247,15,17,202509,20250912,4,2529,1000,
3248,57,17,202512,20251213,3,2529,1000,
3249,31,24,202507,20250706,1,3488,1000,夜市
3250,13,32,202512,20251218,5,4584,1500,夜市
3251,30,1,202506,20250616,4,337,0,WELCOME
3252,1,25,202509,20250903,1,3625,1500,SPRING
3253,55,11,202509,20250916,2,1707,500,
3254,4,13,202505,20250504,2,1981,500,
3255,18,5,202503,20250320,4,885,0,
3256,2,7,202503,20250316,5,1159,0,LOYAL
3257,17,1,202510,20251008,2,337,0,SPRING
3258,2,27,202507,20250702,5,3899,1500,LOYAL
3259,35,18,202506,20250605,2,2666,1000,LOYAL
3260,55,4,202504,20250422,5,748,0,SPRING
3261,13,15,202510,20251025,3,2255,500,WELCOME
3262,5,22,202512,20251217,1,3214,1000,
3263,58,8,202504,20250417,1,1296,0,LOYAL
3264,10,31,202508,20250811,2,4447,1500,
3265,61,13,202501,20250103,3,1981,500,SPRING
3266,14,7,202509,20250902,5,1159,0,
3267,34,30,202509,20250904,1,4310,1500,夜市
3268,2,7,202509,20250914,5,1159,0,SPRING
3269,16,31,202501,20250117,1,4447,1500,
3270,44,19,202505,20250523,5,2803,1000,
3271,56,1,202507,20250722,1,337,0,LOYAL
3272,62,29,202505,20250501,2,4173,1500,LOYAL
3273,27,1,202504,20250416,1,337,0,LOYAL
3274,5,18,202502,20250203,5,2666,1000,LOYAL
3275,3,21,202508,20250807,3,3077,1000,夜市
3276,52,17,202504,20250422,1,2529,1000,
3277,56,2,202506,20250620,4,474,0,
3278,19,5,202502,20250211,2,885,0,夜市
3279,42,9,202512,20251209,3,1433,500,SPRING
3280,9,2,202503,20250314,2,474,0,LOYAL
3281,56,2,202503,20250325,3,474,0,SPRING
3282,42,14,202506,20250608,3,2118,500,LOYAL
3283,38,32,202502,20250213,2,4584,1500,
3284,22,8,202503,20250326,4,1296,0,LOYAL
3285,16,11,202507,20250724,1,1707,500,LOYAL
3286,21,10,202512,20251202,2,1570,500,SPRING
3287,35,18,202503,20250326,4,2666,1000,LOYAL
3288,62,26,202501,20250112,1,3762,1500,
3289,63,14,202506,20250624,4,2118,500,夜市
3290,52,13,202506,20250602,2,1981,500,
3291,55,23,202510,20251004,2,3351,1000,SPRING
3292,2,20,202511,20251113,1,2940,1000,夜市
3293,27,5,202507,20250703,4,885,0,夜市
3294,45,25,202509,20250913,3,3625,1500,WELCOME
3295,9,22,202506,20250615,3,3214,1000,夜市
3296,35,31,202505,20250517,3,4447,1500,夜市
3297,45,3,202502,20250209,5,611,0,
3298,5,5,202504,20250405,1,885,0,LOYAL
3299,8,14,202511,20251108,2,2118,500,LOYAL
3300,5,3,202511,20251101,2,611,0,LOYAL
3301,42,23,202509,20250921,2,3351,1000,SPRING
3302,16,25,202512,20251227,2,3625,1500,
3303,21,31,202512,20251224,5,4447,1500,WELCOME
3304,15,2,202512,20251218,5,474,0,
3305,56,25,202504,20250403,3,3625,1500,
3306,36,24,202512,20251225,3,3488,1000,
3307,49,24,202511,20251122,4,3488,1000,
3308,33,25,202511,20251104,1,3625,1500,
3309,32,8,202504,20250412,1,1296,0,SPRING
3310,60,6,202501,20250102,4,1022,0,SPRING
3311,37,17,202510,20251014,3,2529,1000,
3312,5,24,202508,20250803,5,3488,1000,SPRING
3313,46,19,202505,20250504,1,2803,1000,SPRING
3314,30,2,202506,20250602,4,474,0,LOYAL
3315,11,21,202506,20250604,5,3077,1000,LOYAL
3316,53,16,202509,20250908,1,2392,500,
3317,24,4,202509,20250910,1,748,0,
3318,15,29,202501,20250127,3,4173,1500,
3319,55,5,202509,20250925,5,885,0,SPRING
3320,62,3,202503,20250306,1,611,0,SPRING
3321,64,26,202508,20250804,4,3762,1500,夜市
3322,64,28,202506,20250625,4,4036,1500,夜市
3323,47,5,202510,20251024,4,885,0,
3324,23,23,202502,20250228,3,3351,1000,WELCOME
3325,42,16,202509,20250902,4,2392,500,
3326,26,28,202503,20250326,1,4036,1500,WELCOME
3327,2,32,202503,20250326,4,4584,1500,WELCOME
3328,29,1,202506,20250604,3,337,0,
3329,2,10,202508,20250827,5,1570,500,LOYAL
3330,3,24,202505,20250519,2,3488,1000,SPRING
3331,7,9,202501,20250126,2,1433,500,LOYAL
3332,3,8,202512,20251213,4,1296,0,
3333,26,8,202504,20250409,1,1296,0,WELCOME
3334,14,29,202510,20251008,3,4173,1500,LOYAL
3335,20,4,202508,20250820,2,748,0,SPRING
3336,50,18,202502,20250228,3,2666,1000,夜市
3337,51,19,202507,20250708,3,2803,1000,LOYAL
3338,39,23,202505,20250527,1,3351,1000,夜市
3339,19,22,202501,20250120,3,3214,1000,
3340,24,8,202502,20250221,4,1296,0,LOYAL
3341,37,8,202505,20250502,2,1296,0,SPRING
3342,31,31,202510,20251024,1,4447,1500,SPRING
3343,38,21,202509,20250912,3,3077,1000,LOYAL
3344,52,1,202508,20250827,2,337,0,夜市
3345,44,18,202512,20251210,1,2666,1000,夜市
3346,17,26,202503,20250324,4,3762,1500,
3347,21,12,202508,20250821,4,1844,500,夜市
3348,35,32,202512,20251226,5,4584,1500,
3349,32,26,202506,20250613,2,3762,1500,SPRING
3350,39,23,202512,20251227,1,3351,1000,
3351,56,24,202510,20251009,5,3488,1000,夜市
3352,15,31,202503,20250310,4,4447,1500,SPRING
3353,8,31,202508,20250804,2,4447,1500,
3354,61,16,202508,20250805,5,2392,500,WELCOME
3355,3,5,202501,20250120,2,885,0,夜市
3356,63,26,202512,20251223,5,3762,1500,
3357,21,12,202512,20251205,4,1844,500,夜市
3358,3,9,202507,20250717,2,1433,500,
3359,46,13,202504,20250406,1,1981,500,WELCOME
3360,11,2,202508,20250801,3,474,0,
3361,62,11,202508,20250819,4,1707,500,夜市
3362,2,15,202511,20251107,5,2255,500,SPRING
3363,59,13,202501,20250123,2,1981,500,夜市
3364,4,29,202509,20250909,2,4173,1500,夜市
3365,8,23,202503,20250302,4,3351,1000,LOYAL
3366,3,22,202510,20251017,4,3214,1000,SPRING
3367,53,26,202504,20250402,4,3762,1500,
3368,7,25,202506,20250614,2,3625,1500,WELCOME
3369,41,8,202507,20250708,3,1296,0,WELCOME
3370,16,16,202505,20250511,4,2392,500,LOYAL
3371,48,30,202511,20251112,5,4310,1500,LOYAL
3372,43,9,202508,20250828,3,1433,500,
3373,52,7,202501,20250112,1,1159,0,WELCOME
3374,1,2,202503,20250324,3,474,0,
3375,46,6,202505,20250509,1,1022,0,LOYAL
3376,64,15,202506,20250622,4,2255,500,LOYAL
3377,59,26,202509,20250906,5,3762,1500,LOYAL
3378,36,3,202505,20250502,4,611,0,
3379,38,23,202512,20251209,2,3351,1000,SPRING
3380,47,29,202503,20250312,1,4173,1500,夜市
3381,50,26,202503,20250309,1,3762,1500,
3382,12,30,202508,20250819,2,4310,1500,
3383,9,28,202505,20250522,3,4036,1500,SPRING
3384,23,12,202511,20251121,4,1844,500,SPRING
3385,33,1,202504,20250423,3,337,0,
3386,58,11,202509,20250913,2,1707,500,夜市
3387,17,31,202510,20251011,3,4447,1500,LOYAL
3388,4,7,202507,20250701,3,1159,0,
3389,35,23,202509,20250901,3,3351,1000,夜市
3390,3,6,202501,20250101,2,1022,0,
3391,51,27,202511,20251108,4,3899,1500,SPRING
3392,47,32,202502,20250216,2,4584,1500,WELCOME
3393,7,28,202502,20250213,3,4036,1500,LOYAL
3394,21,10,202505,20250521,4,1570,500,LOYAL
3395,44,17,202509,20250907,3,2529,1000,
3396,62,22,202508,20250826,5,3214,1000,LOYAL
3397,48,8,202510,20251020,2,1296,0,夜市
3398,14,26,202507,20250722,3,3762,1500,LOYAL
3399,31,13,202506,20250606,2,1981,500,夜市
3400,24,3,202501,20250113,4,611,0,LOYAL
3401,51,18,202512,20251206,1,2666,1000,夜市
3402,35,14,202507,20250717,4,2118,500,
3403,30,3,202503,20250320,1,611,0,
3404,44,11,202507,20250709,4,1707,500,夜市
3405,3,8,202502,20250212,2,1296,0,夜市
3406,35,18,202501,20250124,2,2666,1000,LOYAL
3407,1,13,202504,20250421,5,1981,500,SPRING
3408,16,29,202509,20250915,5,4173,1500,SPRING
3409,56,32,202508,20250802,2,4584,1500,
3410,40,5,202511,20251101,4,885,0,SPRING
3411,3,8,202511,20251109,5,1296,0,LOYAL
3412,20,25,202508,20250828,4,3625,1500,夜市
3413,34,13,202507,20250701,3,1981,500,SPRING
3414,45,4,202504,20250425,1,748,0,SPRING
3415,24,27,202512,20251215,3,3899,1500,
3416,38,20,202509,20250926,5,2940,1000,
3417,60,15,202504,20250412,3,2255,500,WELCOME
3418,16,5,202505,20250504,5,885,0,夜市
3419,64,1,202511,20251105,4,337,0,SPRING
3420,32,31,202503,20250324,3,4447,1500,SPRING
3421,16,14,202501,20250121,4,2118,500,WELCOME
3422,22,30,202502,20250209,1,4310,1500,LOYAL
3423,37,18,202511,20251101,5,2666,1000,
3424,20,3,202506,20250615,1,611,0,WELCOME
3425,15,31,202504,20250401,3,4447,1500,夜市
3426,46,1,202503,20250326,2,337,0,LOYAL
3427,15,15,202510,20251003,1,2255,500,LOYAL
3428,61,21,202510,20251007,1,3077,1000,夜市
3429,44,12,202510,20251004,3,1844,500,夜市
3430,46,9,202505,20250510,2,1433,500,
3431,48,32,202507,20250727,1,4584,1500,SPRING
3432,35,13,202509,20250924,3,1981,500,WELCOME
3433,19,27,202509,20250907,5,3899,1500,夜市
3434,48,21,202509,20250912,2,3077,1000,夜市
3435,64,19,202506,20250625,1,2803,1000,SPRING
3436,63,28,202506,20250626,5,4036,1500,WELCOME
3437,14,14,202508,20250808,3,2118,500,
3438,45,4,202506,20250621,1,748,0,LOYAL
3439,29,6,202501,20250123,5,1022,0,夜市
3440,20,19,202512,20251216,4,2803,1000,夜市
3441,2,12,202501,20250110,3,1844,500,
3442,60,14,202502,20250224,3,2118,500,WELCOME
3443,51,14,202501,20250113,5,2118,500,
3444,42,22,202508,20250803,1,3214,1000,
3445,37,31,202508,20250806,2,4447,1500,
3446,16,29,202505,20250515,1,4173,1500,
3447,20,30,202504,20250406,3,4310,1500,LOYAL
3448,14,14,202512,20251214,5,2118,500,SPRING
3449,49,32,202512,20251211,1,4584,1500,LOYAL
3450,31,29,202503,20250307,1,4173,1500,夜市
3451,33,7,202505,20250521,4,1159,0,
3452,39,2,202502,20250202,5,474,0,LOYAL
3453,53,17,202511,20251114,4,2529,1000,夜市
3454,51,29,202507,20250714,3,4173,1500,
3455,63,21,202509,20250917,5,3077,1000,LOYAL
3456,26,23,202506,20250619,1,3351,1000,LOYAL
3457,11,22,202512,20251223,4,3214,1000,WELCOME
3458,2,1,202512,20251209,3,337,0,
3459,5,15,202510,20251019,1,2255,500,WELCOME
3460,19,1,202508,20250817,4,337,0,夜市
3461,29,14,202508,20250812,5,2118,500,
3462,19,9,202501,20250102,4,1433,500,LOYAL
3463,64,12,202507,20250710,3,1844,500,WELCOME
3464,16,18,202509,20250910,4,2666,1000,夜市
3465,54,22,202503,20250325,1,3214,1000,
3466,14,7,202507,20250727,1,1159,0,SPRING
3467,63,1,202508,20250825,2,337,0,SPRING
3468,53,10,202504,20250426,4,1570,500,WELCOME
3469,41,17,202502,20250214,2,2529,1000,LOYAL
3470,45,4,202511,20251114,4,748,0,SPRING
3471,56,24,202508,20250801,2,3488,1000,LOYAL
3472,34,16,202508,20250822,4,2392,500,
3473,51,4,202511,20251125,3,748,0,LOYAL
3474,35,6,202508,20250828,5,1022,0,WELCOME
3475,4,26,202505,20250520,4,3762,1500,夜市
3476,14,30,202503,20250322,5,4310,1500,
3477,59,12,202502,20250206,3,1844,500,夜市
3478,48,14,202501,20250103,5,2118,500,LOYAL
3479,14,22,202508,20250819,5,3214,1000,
3480,3,14,202502,20250225,3,2118,500,SPRING
3481,61,14,202504,20250414,5,2118,500,夜市
3482,1,14,202509,20250919,4,2118,500,SPRING
3483,39,3,202501,20250125,2,611,0,SPRING
3484,41,3,202506,20250602,4,611,0,SPRING
3485,3,3,202501,20250121,5,611,0,SPRING
3486,7,10,202509,20250902,4,1570,500,
3487,23,23,202505,20250523,5,3351,1000,夜市
3488,2,23,202509,20250923,2,3351,1000,SPRING
3489,24,8,202508,20250823,4,1296,0,LOYAL
3490,54,11,202510,20251012,5,1707,500,SPRING
3491,3,24,202501,20250113,2,3488,1000,SPRING
3492,49,26,202512,20251204,5,3762,1500,LOYAL
3493,29,32,202506,20250608,1,4584,1500,
3494,52,27,202511,20251118,3,3899,1500,WELCOME
3495,20,32,202507,20250721,3,4584,1500,LOYAL
3496,4,12,202502,20250203,4,1844,500,WELCOME
3497,38,26,202502,20250224,4,3762,1500,夜市
3498,14,14,202507,20250712,4,2118,500,夜市
3499,7,24,202510,20251027,3,3488,1000,SPRING
3500,15,5,202503,20250311,3,885,0,
3501,58,1,202507,20250706,3,337,0,SPRING
3502,50,18,202501,20250123,4,2666,1000,SPRING
3503,27,16,202507,20250701,5,2392,500,夜市
3504,47,13,202501,20250109,4,1981,500,
3505,1,27,202509,20250903,4,3899,1500,
3506,31,16,202504,20250411,1,2392,500,SPRING
3507,59,20,202504,20250418,4,2940,1000,
3508,35,8,202511,20251116,1,1296,0,LOYAL
3509,36,21,202509,20250905,4,3077,1000,夜市
3510,4,9,202507,20250726,5,1433,500,SPRING
3511,3,9,202502,20250201,2,1433,500,WELCOME
3512,43,2,202509,20250924,3,474,0,夜市
3513,3,11,202511,20251123,3,1707,500,夜市
3514,64,20,202504,20250419,3,2940,1000,
3515,28,31,202506,20250617,3,4447,1500,SPRING
3516,55,6,202503,20250302,1,1022,0,LOYAL
3517,33,28,202509,20250928,1,4036,1500,WELCOME
3518,3,15,202512,20251201,1,2255,500,LOYAL
3519,42,31,202501,20250119,1,4447,1500,夜市
3520,26,31,202512,20251205,2,4447,1500,SPRING
3521,28,18,202506,20250605,1,2666,1000,
3522,37,1,202512,20251215,2,337,0,LOYAL
3523,30,14,202502,20250209,1,2118,500,WELCOME
3524,43,24,202511,20251119,2,3488,1000,LOYAL
3525,38,22,202508,20250820,2,3214,1000,LOYAL
3526,41,13,202502,20250224,5,1981,500,WELCOME
3527,31,13,202501,20250107,1,1981,500,LOYAL
3528,4,26,202505,20250526,5,3762,1500,
3529,58,14,202511,20251115,1,2118,500,WELCOME
3530,24,10,202504,20250428,3,1570,500,SPRING
3531,62,4,202501,20250108,4,748,0,WELCOME
3532,31,23,202503,20250328,1,3351,1000,SPRING
3533,33,32,202503,20250313,4,4584,1500,WELCOME
3534,22,29,202510,20251028,2,4173,1500,SPRING
3535,33,27,202508,20250821,2,3899,1500,
3536,42,1,202506,20250607,3,337,0,LOYAL
3537,20,3,202508,20250811,3,611,0,WELCOME
3538,10,17,202510,20251014,1,2529,1000,
3539,12,23,202506,20250602,3,3351,1000,
3540,46,4,202504,20250426,4,748,0,WELCOME
3541,23,4,202502,20250224,4,748,0,LOYAL
3542,30,4,202509,20250915,4,748,0,
3543,57,29,202512,20251216,1,4173,1500,夜市
3544,41,17,202511,20251112,5,2529,1000,WELCOME
3545,20,31,202512,20251214,5,4447,1500,WELCOME
3546,56,25,202506,20250615,5,3625,1500,SPRING
3547,39,20,202509,20250914,2,2940,1000,夜市
3548,51,2,202504,20250424,3,474,0,SPRING
3549,49,28,202508,20250827,4,4036,1500,
3550,17,3,202505,20250504,2,611,0,
3551,48,23,202502,20250215,1,3351,1000,夜市
3552,24,30,202504,20250415,1,4310,1500,
3553,64,12,202511,20251120,4,1844,500,SPRING
3554,54,18,202506,20250623,5,2666,1000,SPRING
3555,23,12,202501,20250127,1,1844,500,LOYAL
3556,24,22,202505,20250506,5,3214,1000,
3557,3,23,202512,20251203,5,3351,1000,SPRING
3558,64,26,202506,20250601,1,3762,1500,
3559,5,24,202502,20250208,5,3488,1000,WELCOME
3560,33,24,202512,20251227,5,3488,1000,SPRING
3561,4,25,202501,20250107,4,3625,1500,
3562,22,13,202512,20251212,5,1981,500,夜市
3563,14,24,202509,20250906,5,3488,1000,
3564,56,24,202501,20250121,4,3488,1000,SPRING
3565,1,12,202506,20250620,2,1844,500,WELCOME
3566,39,4,202505,20250512,2,748,0,
3567,35,10,202508,20250818,1,1570,500,SPRING
3568,18,28,202504,20250417,4,4036,1500,WELCOME
3569,46,14,202509,20250901,5,2118,500,夜市
3570,24,4,202510,20251021,5,748,0,
3571,47,10,202503,20250325,5,1570,500,
3572,20,14,202501,20250121,4,2118,500,夜市
3573,45,2,202510,20251019,3,474,0,夜市
3574,43,21,202501,20250102,2,3077,1000,LOYAL
3575,47,23,202510,20251012,3,3351,1000,SPRING
3576,17,9,202511,20251108,2,1433,500,SPRING
3577,37,30,202508,20250819,3,4310,1500,
3578,44,1,202512,20251207,3,337,0,LOYAL
3579,59,21,202501,20250120,2,3077,1000,夜市
3580,38,11,202508,20250801,3,1707,500,LOYAL
3581,13,23,202504,20250428,2,3351,1000,夜市
3582,20,10,202508,20250828,1,1570,500,SPRING
3583,62,15,202501,20250115,5,2255,500,LOYAL
3584,5,30,202512,20251213,2,4310,1500,
3585,50,17,202503,20250318,3,2529,1000,LOYAL
3586,50,1,202508,20250810,1,337,0,WELCOME
3587,52,13,202508,20250820,2,1981,500,
3588,40,15,202509,20250901,2,2255,500,
3589,16,18,202503,20250310,1,2666,1000,LOYAL
3590,31,29,202509,20250917,2,4173,1500,SPRING
3591,20,26,202508,20250828,3,3762,1500,
3592,52,15,202507,20250724,5,2255,500,
3593,36,14,202506,20250607,5,2118,500,夜市
3594,36,5,202509,20250920,2,885,0,LOYAL
3595,64,13,202501,20250128,2,1981,500,SPRING
3596,11,30,202507,20250713,3,4310,1500,SPRING
3597,50,3,202506,20250605,1,611,0,
3598,57,12,202509,20250923,5,1844,500,
3599,18,17,202506,20250604,5,2529,1000,夜市
3600,43,23,202512,20251213,3,3351,1000,夜市
3601,38,8,202508,20250801,2,1296,0,夜市
3602,31,5,202509,20250909,3,885,0,WELCOME
3603,58,27,202505,20250512,3,3899,1500,LOYAL
3604,37,1,202503,20250309,2,337,0,LOYAL
3605,48,29,202510,20251021,5,4173,1500,
3606,6,30,202506,20250621,2,4310,1500,SPRING
3607,50,7,202503,20250309,4,1159,0,LOYAL
3608,60,15,202511,20251117,4,2255,500,夜市
3609,24,25,202503,20250328,1,3625,1500,夜市
3610,34,27,202507,20250727,4,3899,1500,WELCOME
3611,21,18,202511,20251111,2,2666,1000,夜市
3612,17,28,202503,20250318,2,4036,1500,
3613,45,26,202512,20251227,4,3762,1500,夜市
3614,38,31,202511,20251117,2,4447,1500,SPRING
3615,5,24,202508,20250826,5,3488,1000,
3616,26,19,202508,20250809,2,2803,1000,夜市
3617,20,21,202502,20250222,2,3077,1000,WELCOME
3618,53,15,202506,20250615,1,2255,500,夜市
3619,38,23,202506,20250602,1,3351,1000,
3620,38,8,202512,20251204,1,1296,0,SPRING
3621,45,28,202506,20250627,1,4036,1500,SPRING
3622,39,23,202511,20251113,3,3351,1000,LOYAL
3623,44,11,202504,20250402,1,1707,500,LOYAL
3624,5,9,202506,20250606,5,1433,500,
3625,11,7,202508,20250827,5,1159,0,LOYAL
3626,22,5,202506,20250628,2,885,0,
3627,13,17,202511,20251121,5,2529,1000,SPRING
3628,10,25,202512,20251227,4,3625,1500,夜市
3629,23,15,202511,20251119,1,2255,500,
3630,15,7,202505,20250511,5,1159,0,SPRING
3631,51,29,202503,20250325,3,4173,1500,WELCOME
3632,19,11,202511,20251126,5,1707,500,WELCOME
3633,23,13,202512,20251218,1,1981,500,
3634,27,12,202505,20250515,1,1844,500,夜市
3635,26,12,202503,20250324,3,1844,500,
3636,24,19,202506,20250612,1,2803,1000,
3637,9,21,202510,20251006,5,3077,1000,LOYAL
3638,37,30,202505,20250521,5,4310,1500,夜市
3639,17,3,202504,20250415,1,611,0,LOYAL
3640,13,29,202506,20250626,5,4173,1500,
3641,1,8,202501,20250114,1,1296,0,LOYAL
3642,61,13,202512,20251223,3,1981,500,LOYAL
3643,13,7,202512,20251227,5,1159,0,LOYAL
3644,64,9,202501,20250107,4,1433,500,SPRING
3645,9,7,202511,20251114,3,1159,0,SPRING
3646,2,32,202511,20251124,4,4584,1500,LOYAL
3647,37,25,202508,20250817,4,3625,1500,
3648,4,19,202510,20251003,2,2803,1000,夜市
3649,54,24,202502,20250214,3,3488,1000,
3650,11,3,202507,20250725,3,611,0,SPRING
3651,14,11,202509,20250912,4,1707,500,
3652,22,30,202506,20250609,2,4310,1500,SPRING
3653,37,29,202502,20250209,4,4173,1500,夜市
3654,47,8,202502,20250207,1,1296,0,
3655,1,31,202508,20250822,1,4447,1500,SPRING
3656,48,31,202508,20250811,4,4447,1500,SPRING
3657,57,21,202508,20250816,1,3077,1000,SPRING
3658,13,18,202509,20250912,2,2666,1000,LOYAL
3659,33,31,202502,20250220,4,4447,1500,WELCOME
3660,49,10,202502,20250221,4,1570,500,LOYAL
3661,2,23,202501,20250118,5,3351,1000,
3662,44,14,202510,20251021,5,2118,500,SPRING
3663,28,30,202506,20250619,2,4310,1500,SPRING
3664,17,10,202509,20250906,2,1570,500,夜市
3665,6,7,202507,20250715,5,1159,0,
3666,63,7,202509,20250923,4,1159,0,
3667,42,24,202509,20250909,2,3488,1000,夜市
3668,58,32,202506,20250606,3,4584,1500,
3669,41,25,202512,20251219,2,3625,1500,
3670,54,24,202502,20250219,3,3488,1000,WELCOME
3671,27,2,202501,20250103,1,474,0,LOYAL
3672,52,10,202512,20251203,5,1570,500,SPRING
3673,56,1,202501,20250112,2,337,0,夜市
3674,5,16,202503,20250323,2,2392,500,
3675,10,16,202510,20251026,4,2392,500,
3676,26,17,202509,20250923,1,2529,1000,LOYAL
3677,33,6,202502,20250225,5,1022,0,LOYAL
3678,61,1,202503,20250309,4,337,0,
3679,63,1,202504,20250428,4,337,0,夜市
3680,39,2,202504,20250419,3,474,0,夜市
3681,2,14,202509,20250908,2,2118,500,
3682,8,12,202506,20250606,1,1844,500,
3683,52,16,202509,20250902,1,2392,500,SPRING
3684,13,13,202509,20250924,5,1981,500,
3685,17,24,202509,20250918,4,3488,1000,WELCOME
3686,8,29,202504,20250420,5,4173,1500,夜市
3687,29,24,202506,20250622,1,3488,1000,夜市
3688,46,23,202508,20250807,5,3351,1000,夜市
3689,61,19,202510,20251019,4,2803,1000,
3690,4,29,202511,20251116,4,4173,1500,
3691,51,29,202512,20251203,5,4173,1500,夜市
3692,47,31,202511,20251102,5,4447,1500,SPRING
3693,48,15,202508,20250804,1,2255,500,WELCOME
3694,29,15,202505,20250524,1,2255,500,夜市
3695,4,14,202501,20250109,3,2118,500,夜市
3696,58,13,202506,20250611,4,1981,500,
3697,45,11,202507,20250727,1,1707,500,
3698,24,20,202512,20251210,5,2940,1000,LOYAL
3699,44,8,202505,20250514,5,1296,0,
3700,52,10,202504,20250409,3,1570,500,
3701,44,8,202507,20250717,4,1296,0,
3702,51,16,202509,20250914,2,2392,500,WELCOME
3703,6,21,202505,20250515,2,3077,1000,
3704,26,14,202503,20250303,5,2118,500,WELCOME
3705,20,21,202501,20250115,4,3077,1000,WELCOME
3706,45,11,202510,20251023,1,1707,500,SPRING
3707,29,32,202511,20251128,1,4584,1500,
3708,27,8,202505,20250528,2,1296,0,夜市
3709,22,3,202508,20250816,3,611,0,
3710,8,21,202511,20251113,1,3077,1000,
3711,43,27,202501,20250117,2,3899,1500,
3712,11,29,202506,20250603,1,4173,1500,WELCOME
3713,51,19,202509,20250907,5,2803,1000,WELCOME
3714,10,22,202512,20251224,2,3214,1000,LOYAL
3715,45,3,202510,20251017,3,611,0,夜市
3716,11,16,202511,20251113,5,2392,500,
3717,56,4,202508,20250801,2,748,0,
3718,14,26,202506,20250614,3,3762,1500,LOYAL
3719,52,23,202501,20250104,3,3351,1000,
3720,7,14,202506,20250612,4,2118,500,SPRING
3721,13,18,202507,20250707,3,2666,1000,
3722,38,27,202507,20250708,5,3899,1500,夜市
3723,59,23,202512,20251211,4,3351,1000,WELCOME
3724,35,30,202509,20250911,5,4310,1500,
3725,45,12,202510,20251009,2,1844,500,WELCOME
3726,19,22,202508,20250815,2,3214,1000,夜市
3727,53,8,202509,20250903,4,1296,0,SPRING
3728,32,17,202501,20250101,1,2529,1000,夜市
3729,49,17,202509,20250907,3,2529,1000,夜市
3730,6,15,202512,20251211,5,2255,500,SPRING
3731,29,30,202511,20251105,2,4310,1500,
3732,45,7,202503,20250318,1,1159,0,LOYAL
3733,8,9,202510,20251004,4,1433,500,WELCOME
3734,26,25,202504,20250402,5,3625,1500,SPRING
3735,24,30,202511,20251101,4,4310,1500,夜市
3736,16,16,202512,20251212,2,2392,500,SPRING
3737,7,16,202506,20250601,4,2392,500,WELCOME
3738,19,27,202504,20250422,5,3899,1500,
3739,59,30,202503,20250315,4,4310,1500,夜市
3740,31,5,202504,20250420,2,885,0,夜市
3741,33,15,202509,20250923,2,2255,500,LOYAL
3742,51,16,202501,20250112,4,2392,500,夜市
3743,64,32,202512,20251225,4,4584,1500,WELCOME
3744,48,12,202508,20250816,2,1844,500,夜市
3745,37,13,202504,20250410,3,1981,500,
3746,36,25,202506,20250608,3,3625,1500,SPRING
3747,30,21,202506,20250601,4,3077,1000,
3748,27,1,202507,20250709,3,337,0,LOYAL
3749,59,5,202504,20250411,3,885,0,夜市
3750,7,24,202504,20250404,5,3488,1000,LOYAL
3751,34,31,202512,20251211,3,4447,1500,WELCOME
3752,59,16,202509,20250921,5,2392,500,
3753,2,9,202511,20251105,4,1433,500,夜市
3754,39,17,202501,20250101,4,2529,1000,WELCOME
3755,47,5,202509,20250902,2,885,0,LOYAL
3756,47,6,202505,20250524,3,1022,0,
3757,41,25,202504,20250411,1,3625,1500,夜市
3758,30,17,202508,20250804,4,2529,1000,SPRING
3759,2,11,202505,20250523,1,1707,500,
3760,56,20,202504,20250411,5,2940,1000,
3761,62,29,202512,20251227,1,4173,1500,
3762,34,3,202507,20250707,3,611,0,SPRING
3763,63,1,202504,20250411,2,337,0,夜市
3764,7,21,202501,20250111,2,3077,1000,SPRING
3765,51,17,202511,20251112,5,2529,1000,夜市
3766,11,11,202504,20250416,1,1707,500,
3767,58,30,202508,20250811,4,4310,1500,WELCOME
3768,50,5,202502,20250205,4,885,0,LOYAL
3769,19,1,202501,20250111,1,337,0,WELCOME
3770,48,2,202504,20250408,1,474,0,SPRING
3771,15,30,202511,20251122,5,4310,1500,WELCOME
3772,50,2,202506,20250609,3,474,0,
3773,13,28,202504,20250421,5,4036,1500,
3774,28,12,202508,20250811,2,1844,500,夜市
3775,26,6,202510,20251006,5,1022,0,
3776,35,21,202506,20250623,4,3077,1000,夜市
3777,53,24,202504,20250402,5,3488,1000,SPRING
3778,5,16,202501,20250109,2,2392,500,SPRING
3779,25,17,202502,20250220,2,2529,1000,
3780,42,10,202508,20250827,5,1570,500,
3781,15,23,202506,20250613,2,3351,1000,WELCOME
3782,39,26,202503,20250326,1,3762,1500,
3783,54,23,202512,20251215,4,3351,1000,SPRING
3784,40,19,202504,20250417,3,2803,1000,
3785,47,21,202507,20250727,1,3077,1000,LOYAL
3786,62,15,202512,20251213,2,2255,500,LOYAL
3787,54,14,202506,20250606,4,2118,500,
3788,5,30,202503,20250325,5,4310,1500,LOYAL
3789,52,13,202501,20250119,1,1981,500,夜市
3790,13,27,202509,20250923,3,3899,1500,LOYAL
3791,55,28,202508,20250818,5,4036,1500,LOYAL
3792,35,1,202503,20250325,3,337,0,
3793,14,9,202507,20250709,3,1433,500,夜市
3794,37,25,202510,20251019,4,3625,1500,
3795,63,28,202506,20250613,2,4036,1500,夜市
3796,46,15,202509,20250928,1,2255,500,夜市
3797,50,25,202503,20250313,4,3625,1500,夜市
3798,50,3,202506,20250618,5,611,0,夜市
3799,59,6,202512,20251219,4,1022,0,WELCOME
3800,29,18,202507,20250718,2,2666,1000,
3801,47,7,202502,20250205,5,1159,0,
3802,37,31,202507,20250705,5,4447,1500,
3803,48,10,202501,20250102,1,1570,500,
3804,22,31,202510,20251025,5,4447,1500,夜市
3805,51,20,202506,20250623,4,2940,1000,SPRING
3806,52,22,202511,20251124,3,3214,1000,LOYAL
3807,24,19,202508,20250825,3,2803,1000,LOYAL
3808,28,6,202507,20250716,4,1022,0,
3809,32,4,202506,20250627,2,748,0,夜市
3810,17,19,202512,20251218,3,2803,1000,夜市
3811,17,10,202509,20250907,3,1570,500,WELCOME
3812,54,1,202508,20250805,2,337,0,LOYAL
3813,58,27,202507,20250723,5,3899,1500,
3814,12,13,202512,20251218,1,1981,500,夜市
3815,9,31,202507,20250706,5,4447,1500,
3816,48,28,202501,20250111,2,4036,1500,夜市
3817,6,13,202510,20251027,4,1981,500,
3818,64,2,202511,20251126,5,474,0,WELCOME
3819,8,29,202504,20250421,5,4173,1500,夜市
3820,9,25,202509,20250928,1,3625,1500,夜市
3821,55,18,202505,20250510,1,2666,1000,WELCOME
3822,48,20,202505,20250508,3,2940,1000,
3823,44,10,202512,20251224,1,1570,500,
3824,11,2,202505,20250510,4,474,0,WELCOME
3825,25,10,202508,20250814,5,1570,500,WELCOME
3826,13,8,202501,20250128,2,1296,0,WELCOME
3827,43,2,202512,20251212,1,474,0,LOYAL
3828,44,8,202507,20250721,4,1296,0,
3829,31,10,202506,20250618,2,1570,500,
3830,38,1,202501,20250104,3,337,0,
3831,60,24,202502,20250215,5,3488,1000,LOYAL
3832,49,14,202509,20250918,5,2118,500,
3833,40,5,202503,20250311,5,885,0,WELCOME
3834,57,11,202506,20250612,1,1707,500,LOYAL
3835,16,22,202507,20250712,1,3214,1000,
3836,37,9,202506,20250624,3,1433,500,
3837,61,8,202510,20251026,1,1296,0,夜市
3838,48,6,202501,20250128,5,1022,0,WELCOME
3839,8,25,202512,20251215,4,3625,1500,
3840,27,31,202509,20250913,1,4447,1500,LOYAL
3841,64,29,202503,20250315,3,4173,1500,
3842,44,6,202507,20250709,3,1022,0,夜市
3843,19,8,202501,20250109,2,1296,0,
3844,14,2,202509,20250928,5,474,0,夜市
3845,34,8,202507,20250712,2,1296,0,夜市
3846,7,19,202504,20250406,3,2803,1000,夜市
3847,12,26,202512,20251220,1,3762,1500,夜市
3848,15,3,202504,20250426,2,611,0,
3849,42,14,202501,20250117,2,2118,500,
3850,56,16,202511,20251121,4,2392,500,
3851,2,17,202507,20250724,2,2529,1000,LOYAL
3852,29,18,202503,20250312,5,2666,1000,LOYAL
3853,53,24,202504,20250415,4,3488,1000,夜市
3854,61,21,202501,20250116,3,3077,1000,
3855,8,15,202512,20251213,5,2255,500,LOYAL
3856,11,1,202508,20250820,2,337,0,SPRING
3857,22,5,202508,20250816,4,885,0,
3858,38,24,202503,20250314,4,3488,1000,SPRING
3859,19,28,202510,20251016,4,4036,1500,
3860,30,12,202506,20250623,4,1844,500,夜市
3861,61,21,202511,20251114,1,3077,1000,SPRING
3862,49,32,202501,20250112,2,4584,1500,SPRING
3863,56,27,202505,20250525,1,3899,1500,WELCOME
3864,27,12,202512,20251205,5,1844,500,
3865,45,16,202503,20250320,1,2392,500,
3866,6,17,202503,20250312,1,2529,1000,LOYAL
3867,59,23,202512,20251216,1,3351,1000,WELCOME
3868,9,29,202510,20251019,5,4173,1500,SPRING
3869,53,27,202508,20250815,3,3899,1500,WELCOME
3870,47,30,202503,20250301,1,4310,1500,LOYAL
3871,22,30,202508,20250818,3,4310,1500,
3872,14,13,202504,20250405,1,1981,500,夜市
3873,41,9,202512,20251209,2,1433,500,WELCOME
3874,16,19,202506,20250626,5,2803,1000,
3875,44,26,202504,20250410,3,3762,1500,WELCOME
3876,53,1,202510,20251003,2,337,0,LOYAL
3877,40,3,202504,20250410,4,611,0,SPRING
3878,3,11,202506,20250619,3,1707,500,
3879,57,28,202505,20250522,3,4036,1500,
3880,16,25,202510,20251002,4,3625,1500,
3881,12,25,202512,20251206,1,3625,1500,SPRING
3882,37,1,202502,20250226,5,337,0,LOYAL
3883,43,11,202505,20250504,4,1707,500,LOYAL
3884,17,11,202510,20251001,3,1707,500,SPRING
3885,54,16,202501,20250120,4,2392,500,
3886,63,18,202511,20251101,3,2666,1000,SPRING
3887,15,26,202505,20250522,1,3762,1500,LOYAL
3888,51,18,202512,20251222,3,2666,1000,LOYAL
3889,11,29,202509,20250917,4,4173,1500,
3890,35,5,202511,20251116,3,885,0,
3891,56,26,202503,20250311,3,3762,1500,LOYAL
3892,18,26,202503,20250302,1,3762,1500,
3893,46,24,202504,20250428,2,3488,1000,WELCOME
3894,13,14,202508,20250817,5,2118,500,LOYAL
3895,50,5,202509,20250924,1,885,0,SPRING
3896,7,25,202505,20250504,1,3625,1500,夜市
3897,21,30,202508,20250827,1,4310,1500,SPRING
3898,25,3,202508,20250804,2,611,0,WELCOME
3899,47,27,202508,20250823,2,3899,1500,
3900,20,13,202512,20251204,2,1981,500,LOYAL
3901,14,9,202504,20250418,2,1433,500,WELCOME
3902,37,11,202510,20251002,1,1707,500,LOYAL
3903,11,17,202503,20250308,1,2529,1000,夜市
3904,24,26,202511,20251106,2,3762,1500,WELCOME
3905,46,6,202508,20250808,1,1022,0,SPRING
3906,37,20,202512,20251210,2,2940,1000,
3907,32,13,202510,20251026,1,1981,500,LOYAL
3908,51,10,202512,20251201,5,1570,500,LOYAL
3909,35,24,202507,20250709,4,3488,1000,LOYAL
3910,54,15,202507,20250727,3,2255,500,LOYAL
3911,42,15,202508,20250812,3,2255,500,WELCOME
3912,59,30,202508,20250828,1,4310,1500,WELCOME
3913,29,16,202501,20250126,4,2392,500,
3914,46,10,202504,20250402,4,1570,500,LOYAL
3915,27,24,202512,20251215,4,3488,1000,
3916,49,16,202510,20251009,4,2392,500,
3917,4,25,202505,20250526,4,3625,1500,夜市
3918,12,28,202510,20251022,4,4036,1500,WELCOME
3919,64,31,202502,20250228,5,4447,1500,LOYAL
3920,3,32,202509,20250911,2,4584,1500,
3921,33,29,202511,20251121,2,4173,1500,夜市
3922,36,9,202510,20251021,2,1433,500,WELCOME
3923,16,30,202510,20251016,2,4310,1500,SPRING
3924,40,10,202501,20250125,2,1570,500,WELCOME
3925,30,26,202507,20250712,3,3762,1500,LOYAL
3926,62,14,202512,20251207,1,2118,500,
3927,30,16,202508,20250825,2,2392,500,
3928,12,18,202507,20250712,4,2666,1000,LOYAL
3929,39,32,202503,20250328,5,4584,1500,SPRING
3930,44,1,202506,20250621,1,337,0,SPRING
3931,6,30,202502,20250217,5,4310,1500,WELCOME
3932,56,9,202509,20250909,4,1433,500,LOYAL
3933,57,29,202502,20250209,5,4173,1500,LOYAL
3934,62,19,202504,20250418,5,2803,1000,
3935,52,7,202501,20250110,4,1159,0,LOYAL
3936,61,5,202501,20250101,4,885,0,LOYAL
3937,64,12,202512,20251211,1,1844,500,夜市
3938,52,22,202507,20250701,1,3214,1000,LOYAL
3939,34,28,202504,20250411,3,4036,1500,SPRING
3940,33,25,202511,20251127,3,3625,1500,SPRING
3941,62,4,202505,20250511,2,748,0,
3942,31,20,202512,20251211,3,2940,1000,
3943,61,7,202503,20250322,1,1159,0,SPRING
3944,55,15,202508,20250824,1,2255,500,WELCOME
3945,11,29,202504,20250425,1,4173,1500,WELCOME
3946,10,25,202506,20250605,4,3625,1500,SPRING
3947,46,26,202509,20250914,2,3762,1500,SPRING
3948,22,5,202504,20250426,3,885,0,
3949,62,20,202502,20250223,2,2940,1000,WELCOME
3950,29,15,202506,20250613,1,2255,500,WELCOME
3951,30,2,202508,20250805,5,474,0,LOYAL
3952,40,8,202507,20250728,1,1296,0,
3953,9,24,202505,20250510,3,3488,1000,夜市
3954,49,31,202506,20250605,1,4447,1500,LOYAL
3955,28,21,202507,20250727,4,3077,1000,
3956,6,32,202509,20250901,5,4584,1500,SPRING
3957,52,11,202506,20250627,3,1707,500,SPRING
3958,1,14,202503,20250301,3,2118,500,
3959,56,17,202512,20251204,4,2529,1000,
3960,46,24,202508,20250818,1,3488,1000,LOYAL
3961,61,29,202504,20250407,3,4173,1500,LOYAL
3962,15,13,202503,20250324,2,1981,500,
3963,24,22,202501,20250109,4,3214,1000,LOYAL
3964,15,20,202511,20251108,2,2940,1000,SPRING
3965,34,9,202512,20251223,3,1433,500,
3966,17,1,202512,20251218,1,337,0,
3967,25,20,202507,20250727,4,2940,1000,LOYAL
3968,61,13,202501,20250120,3,1981,500,SPRING
3969,46,2,202502,20250209,4,474,0,
3970,30,15,202510,20251008,3,2255,500,LOYAL
3971,43,22,202506,20250627,1,3214,1000,SPRING
3972,43,6,202502,20250209,5,1022,0,LOYAL
3973,59,6,202509,20250911,3,1022,0,夜市
3974,32,2,202508,20250819,1,474,0,SPRING
3975,20,21,202507,20250718,3,3077,1000,WELCOME
3976,32,21,202508,20250806,1,3077,1000,
3977,28,7,202502,20250218,3,1159,0,LOYAL
3978,21,30,202502,20250205,4,4310,1500,WELCOME
3979,10,6,202510,20251005,2,1022,0,夜市
3980,56,32,202503,20250319,5,4584,1500,LOYAL
3981,60,29,202503,20250305,2,4173,1500,夜市
3982,64,32,202509,20250923,5,4584,1500,SPRING
3983,63,8,202510,20251027,2,1296,0,
3984,26,32,202507,20250726,1,4584,1500,夜市
3985,46,15,202502,20250206,3,2255,500,LOYAL
3986,46,18,202511,20251102,5,2666,1000,LOYAL
3987,27,22,202505,20250501,1,3214,1000,SPRING
3988,48,3,202511,20251118,1,611,0,SPRING
3989,41,22,202509,20250915,2,3214,1000,夜市
3990,13,20,202508,20250807,3,2940,1000,
3991,34,6,202508,20250817,4,1022,0,LOYAL
3992,23,31,202510,20251009,3,4447,1500,
3993,28,6,202502,20250204,1,1022,0,LOYAL
3994,25,26,202510,20251013,4,3762,1500,LOYAL
3995,12,15,202508,20250827,4,2255,500,LOYAL
3996,59,22,202504,20250411,1,3214,1000,
3997,51,31,202503,20250326,3,4447,1500,
3998,25,1,202501,20250126,2,337,0,SPRING
3999,22,23,202509,20250928,5,3351,1000,SPRING
4000,37,15,202503,20250328,3,2255,500,
4001,50,17,202511,20251127,2,2529,1000,LOYAL
4002,16,27,202511,20251120,5,3899,1500,
4003,59,13,202503,20250317,2,1981,500,SPRING
4004,59,25,202509,20250911,4,3625,1500,
4005,2,29,202511,20251117,4,4173,1500,SPRING
4006,47,8,202504,20250417,5,1296,0,LOYAL
4007,50,9,202509,20250912,1,1433,500,SPRING
4008,33,11,202501,20250107,4,1707,500,WELCOME
4009,61,24,202508,20250807,1,3488,1000,LOYAL
4010,21,32,202510,20251010,2,4584,1500,
4011,42,7,202502,20250218,2,1159,0,
4012,12,27,202505,20250510,1,3899,1500,SPRING
4013,12,20,202512,20251207,5,2940,1000,夜市
4014,13,14,202509,20250922,1,2118,500,WELCOME
4015,49,3,202503,20250317,4,611,0,WELCOME
4016,61,30,202501,20250126,4,4310,1500,WELCOME
4017,6,32,202505,20250513,1,4584,1500,夜市
4018,60,25,202512,20251220,3,3625,1500,
4019,2,15,202508,20250828,4,2255,500,SPRING
4020,51,30,202504,20250401,3,4310,1500,
4021,45,3,202505,20250514,1,611,0,WELCOME
4022,9,25,202502,20250215,1,3625,1500,LOYAL
4023,51,17,202506,20250620,2,2529,1000,WELCOME
4024,34,7,202509,20250918,5,1159,0,夜市
4025,34,23,202509,20250925,3,3351,1000,
4026,16,7,202511,20251117,4,1159,0,LOYAL
4027,41,22,202511,20251123,1,3214,1000,夜市
4028,8,21,202511,20251124,3,3077,1000,夜市
4029,59,29,202504,20250423,2,4173,1500,
4030,33,16,202502,20250203,4,2392,500,LOYAL
4031,3,24,202503,20250328,4,3488,1000,SPRING
4032,44,8,202512,20251214,2,1296,0,
4033,53,10,202512,20251223,1,1570,500,WELCOME
4034,27,14,202504,20250411,1,2118,500,LOYAL
4035,55,24,202510,20251026,2,3488,1000,SPRING
4036,10,25,202507,20250713,4,3625,1500,
4037,35,27,202510,20251016,4,3899,1500,LOYAL
4038,31,20,202504,20250421,4,2940,1000,
4039,3,12,202505,20250508,3,1844,500,
4040,41,30,202510,20251010,2,4310,1500,SPRING
4041,31,16,202508,20250823,1,2392,500,LOYAL
4042,31,26,202511,20251125,4,3762,1500,
4043,5,4,202510,20251009,4,748,0,LOYAL
4044,61,26,202508,20250806,4,3762,1500,SPRING
4045,11,32,202506,20250627,5,4584,1500,
4046,1,12,202508,20250817,3,1844,500,
4047,30,26,202505,20250501,2,3762,1500,WELCOME
4048,5,27,202501,20250101,5,3899,1500,SPRING
4049,9,19,202509,20250918,5,2803,1000,SPRING
4050,45,9,202501,20250127,3,1433,500,
4051,23,16,202509,20250910,2,2392,500,夜市
4052,36,14,202509,20250923,5,2118,500,SPRING
4053,48,5,202508,20250825,1,885,0,
4054,9,27,202508,20250822,2,3899,1500,SPRING
4055,16,20,202510,20251018,5,2940,1000,WELCOME
4056,28,12,202504,20250420,4,1844,500,SPRING
4057,64,14,202503,20250309,1,2118,500,SPRING
4058,12,20,202503,20250301,1,2940,1000,
4059,59,29,202512,20251226,2,4173,1500,夜市
4060,63,29,202502,20250226,3,4173,1500,
4061,24,17,202501,20250126,4,2529,1000,WELCOME
4062,55,13,202506,20250609,5,1981,500,
4063,24,7,202505,20250512,4,1159,0,夜市
4064,9,22,202504,20250420,3,3214,1000,夜市
4065,16,13,202506,20250610,1,1981,500,SPRING
4066,40,21,202507,20250714,4,3077,1000,WELCOME
4067,33,17,202512,20251217,1,2529,1000,
4068,44,19,202502,20250227,2,2803,1000,WELCOME
4069,60,13,202507,20250708,5,1981,500,WELCOME
4070,42,1,202507,20250721,5,337,0,WELCOME
4071,1,6,202501,20250104,4,1022,0,LOYAL
4072,1,4,202511,20251110,5,748,0,LOYAL
4073,22,10,202505,20250524,1,1570,500,WELCOME
4074,27,17,202509,20250917,1,2529,1000,
4075,28,18,202511,20251104,2,2666,1000,WELCOME
4076,64,26,202507,20250703,4,3762,1500,LOYAL
4077,18,14,202502,20250215,3,2118,500,WELCOME
4078,19,3,202505,20250528,1,611,0,夜市
4079,36,6,202504,20250420,3,1022,0,LOYAL
4080,11,18,202508,20250820,4,2666,1000,
4081,46,28,202509,20250925,2,4036,1500,
4082,20,14,202505,20250509,1,2118,500,夜市
4083,7,31,202508,20250804,4,4447,1500,
4084,64,10,202502,20250221,1,1570,500,LOYAL
4085,15,10,202504,20250407,4,1570,500,LOYAL
4086,38,17,202510,20251001,3,2529,1000,WELCOME
4087,42,9,202501,20250124,3,1433,500,
4088,50,19,202505,20250502,1,2803,1000,
4089,51,15,202504,20250421,3,2255,500,LOYAL
4090,51,31,202503,20250323,5,4447,1500,SPRING
4091,5,26,202505,20250523,4,3762,1500,SPRING
4092,37,6,202503,20250326,2,1022,0,WELCOME
4093,64,9,202506,20250628,3,1433,500,WELCOME
4094,35,20,202501,20250103,4,2940,1000,夜市
4095,35,23,202505,20250521,3,3351,1000,
4096,13,20,202504,20250418,2,2940,1000,夜市
